a,b,B,diff,ci_lo,ci_hi,p_gt,p_two,loso_min,loso_max
PCAf32,RPf32,16,0.0003344140015506841,-5.656808683238192e-06,0.0007925376937807623,0.027743064233941513,0.05548612846788303,0.00014453651607411176,0.0004655363838375274
PCAf32,RPf32,32,-0.00025553689996432724,-0.0008206907036858571,0.00021403644210054486,0.8357910522369407,0.32891777055736066,-0.0004932723061591413,4.140924948417687e-05
PCAf32,RPf32,64,0.0012344384057146715,0.0002302805284197768,0.0022952132750304203,0.00849787553111722,0.01699575106223444,0.0010538395787711178,0.0015277246211416085
PCAf32,RPf32,96,0.0010811386135199984,-0.0012032608839082483,0.0033640927958862544,0.17820544863784055,0.3564108972756811,0.00036152925030232637,0.0019357520128359526
PCAf32,RPf32,192,-0.0005346549638094791,-0.0039140437021975335,0.0029086231048256438,0.6193451637090728,0.7618095476130967,-0.0015076483700112828,0.0012495082111830392
PCAf32,RPf32,384,-0.00013146607428246582,-0.004019955014421189,0.0037667756042925322,0.5131217195701074,0.9742564358910273,-0.0007059038836924256,0.0007703993669271074
PCAf32,RPf32,768,0.004028593411755578,0.0009573733115269946,0.007352021080101791,0.005248687828042989,0.010497375656085979,0.002962262246513433,0.005718943812680451
PCAf32,RPf32,1536,0.007030880369905061,0.004278718613693922,0.010245548805026743,0.00024993751562109475,0.0004998750312421895,0.002687158593385176,0.010261707051291251
PCAsq8,PCAf32,16,0.0027473611285858037,0.0017520316978157056,0.003892083599277898,0.00024993751562109475,0.0004998750312421895,0.0019020888673833294,0.0036647423626095126
PCAsq8,PCAf32,32,0.010438689431796613,0.007966119432788722,0.013505768567055819,0.00024993751562109475,0.0004998750312421895,0.007096165367538586,0.01448742798454393
PCAsq8,PCAf32,64,0.020193356137418926,0.01652118142419655,0.02465153241964689,0.00024993751562109475,0.0004998750312421895,0.011781347511451266,0.029093089633751953
PCAsq8,PCAf32,96,0.028788021430304372,0.02429483792924688,0.03394125327342093,0.00024993751562109475,0.0004998750312421895,0.01721369582523746,0.04173515969155189
PCAsq8,PCAf32,192,0.03732564731870977,0.0317475735492876,0.043585561264436884,0.00024993751562109475,0.0004998750312421895,0.023255224954239734,0.05422527578903615
PCAsq8,PCAf32,384,0.03016764995496051,0.024150044518440657,0.03692212299097296,0.00024993751562109475,0.0004998750312421895,0.022509098932625465,0.044134915388714405
PCAsq8,PCAf32,768,0.012570419516385115,0.009128435301087765,0.016590145306970765,0.00024993751562109475,0.0004998750312421895,0.00699680491629367,0.01844113075418078
RPsq8,RPf32,16,0.0017735529573653474,0.0012100187197099075,0.0024724777345112555,0.00024993751562109475,0.0004998750312421895,0.000994559492743999,0.0024552262048798896
RPsq8,RPf32,32,0.012286166612039715,0.009118930856508065,0.016709151207955186,0.00024993751562109475,0.0004998750312421895,0.008181733720305787,0.017723935446893144
RPsq8,RPf32,64,0.024802194008888896,0.02132436715074267,0.028902491036256757,0.00024993751562109475,0.0004998750312421895,0.015067179146665648,0.036013521419213115
RPsq8,RPf32,96,0.029943438424250454,0.025489665896410534,0.03547109467587812,0.00024993751562109475,0.0004998750312421895,0.016671534404506246,0.043221643926801
RPsq8,RPf32,192,0.032794717791710906,0.028019642729098175,0.0380858534980887,0.00024993751562109475,0.0004998750312421895,0.021067808682057675,0.04720165377231472
RPsq8,RPf32,384,0.022998371996605177,0.019115864518350515,0.027384361525734795,0.00024993751562109475,0.0004998750312421895,0.016433791713290062,0.03312698590000736
RPsq8,RPf32,768,0.012779966830084498,0.009745874829893137,0.01613954692943347,0.00024993751562109475,0.0004998750312421895,0.009609145167893756,0.018469688151543328
PQ,PCAsq8,16,0.009165309095599788,0.0072050460661162025,0.011150653510679842,0.00024993751562109475,0.0004998750312421895,0.0006897250525548609,0.013511873887623135
PQ,PCAsq8,32,0.013311192221089861,0.009906893697216665,0.016324084922289556,0.00024993751562109475,0.0004998750312421895,-0.0034801731337334597,0.023982239361934832
PQ,PCAsq8,64,0.02197753183933951,0.01781738319736741,0.026251402389803825,0.00024993751562109475,0.0004998750312421895,0.005196282318744232,0.031935929730407465
PQ,PCAsq8,96,0.017501422615656403,0.013046626668752588,0.022163813774873174,0.00024993751562109475,0.0004998750312421895,0.0066945897005313455,0.025581520442705022
PQ,PCAsq8,192,0.00894913387413844,0.005546953594583355,0.012689388221689126,0.00024993751562109475,0.0004998750312421895,0.004434557647925282,0.013064276301853646
PQ,PCAsq8,384,0.0019449921484970822,-0.00010428819659850576,0.0038996772200505826,0.031492126968257934,0.06298425393651587,-0.0013842835156101657,0.004663717308982157
PQ,PCAsq8,768,0.0013980347982326946,-0.0005050740499901632,0.003252365516875231,0.07423144213946513,0.14846288427893026,-0.00216301325637779,0.004429203173830798
PCAsq8,RPf32,16,0.0030817751301364877,0.0021477580936309654,0.004204744142392483,0.00024993751562109475,0.0004998750312421895,0.002046625383457441,0.00413027874644704
PCAsq8,RPf32,32,0.010183152531832286,0.007811810335475289,0.013119159544118332,0.00024993751562109475,0.0004998750312421895,0.006602893061379445,0.014172680341325912
PCAsq8,RPf32,64,0.0214277945431336,0.017387468184367625,0.02643209425488733,0.00024993751562109475,0.0004998750312421895,0.012835187090222383,0.030620814254893557
PCAsq8,RPf32,96,0.02986916004382437,0.024675538450793767,0.03614968485326213,0.00024993751562109475,0.0004998750312421895,0.017575225075539786,0.042681294268973616
PCAsq8,RPf32,192,0.036790992354900284,0.03115298480988971,0.04320604395449203,0.00024993751562109475,0.0004998750312421895,0.024504733165422773,0.05287945105643595
PCAsq8,RPf32,384,0.030036183880678045,0.02442960369925879,0.03662156216948813,0.00024993751562109475,0.0004998750312421895,0.02205020522654339,0.043429011505021986
PCAsq8,RPf32,768,0.016599012928140693,0.012499737396774119,0.02114058513094442,0.00024993751562109475,0.0004998750312421895,0.009959067162807103,0.02416007456686123
