rep,source,ndcg_global,ndcg_typed,typed_gain,gain_lo,gain_hi,xsrc_top1,x_lo,x_hi
raw,contractnli,0.08170337005388421,0.09961174159799793,0.017908371544113694,0.013539916725157057,0.022600230135887012,0.3106312013046699,0.261453637295082,0.36176876158800164
raw,cuad,0.1159575733638141,0.11748098003999852,0.0015234066761844263,0.0009852903244829466,0.0021275324887661895,0.0007437884755892606,0.0,0.0017073274861804486
raw,maud,0.0077281216781568155,0.0077281216781568155,0.0,0.0,0.0,0.0,0.0,0.0
raw,privacy_qa,0.2586561647650911,0.26115909728289083,0.0025029325177997005,0.0,0.0059069099070537786,0.005289710969138254,0.0,0.0162206468763846
raw,macro,0.06846302169861837,0.07494028110538442,0.006477259406766042,0.004987065041855975,0.008050711286157045,0.10379166326008638,0.08734716665610295,0.12076404484228406
RPf32_B16,contractnli,0.0002659815023051873,0.005039800426816237,0.00477381892451105,0.003299194639132213,0.0065514087936574435,0.9689733736551573,0.9620298223966058,0.9756015841086246
RPf32_B16,cuad,9.94899634114408e-05,0.00018828708816323676,8.879712475179597e-05,2.963554545089586e-05,0.00016194252599001442,0.5415545169123795,0.5306081844113278,0.5521175221410917
RPf32_B16,maud,0.0,0.0,0.0,0.0,0.0,0.3778226837372617,0.35895906917766984,0.3970029180717941
RPf32_B16,privacy_qa,0.0002919288111747303,0.035593185241430195,0.03530125643025546,0.020903856636354346,0.049358412438077925,0.9898263424687838,0.9838350168350167,0.9960317460317459
RPf32_B16,macro,0.00012182382190554269,0.0017426958383264914,0.001620872016420949,0.0011239678569427618,0.002220358649732229,0.6294501914349329,0.6217184658515865,0.6371861378450586
PCAf32_B16,contractnli,0.0004815299773820421,0.003952289419563259,0.0034707594421812165,0.0015923152075513587,0.005719242140420493,0.9501618913882578,0.9348921900318442,0.9635208205865672
PCAf32_B16,cuad,0.0008185748022934179,0.0008614729360849296,4.2898133791511725e-05,4.596278741319576e-06,9.74608148618384e-05,0.13084203450906448,0.11824968635250917,0.14351035299074705
PCAf32_B16,maud,7.410351485816624e-05,7.410351485816624e-05,0.0,0.0,0.0,0.21703469869298653,0.193454031790161,0.24216971944214247
PCAf32_B16,privacy_qa,0.0008674243594545086,0.028731219628095085,0.02786379526864058,0.017913391360630297,0.041542013845430825,0.9465768573442243,0.90475432211101,0.980399727458551
PCAf32_B16,macro,0.00045806943151120873,0.0016292886235021182,0.0011712191919909095,0.0005458215255874735,0.0019164126177369223,0.43267954153010296,0.4226803399767952,0.44292657571758715
RPsq8_B16,contractnli,0.0018350916144601733,0.01631830483866793,0.014483213224207755,0.010296470803247587,0.01912794881504992,0.9152041184082329,0.9016703614616428,0.9277794715447155
RPsq8_B16,cuad,0.0034308572430271564,0.005705796351971619,0.002274939108944463,0.0017632891494047437,0.002855099951410895,0.4778120627178587,0.463530915356685,0.4917904081446593
RPsq8_B16,maud,0.00040971454776324805,0.0004993169727296775,8.96024249664294e-05,1.4231537124362774e-05,0.00020304780605805904,0.36717481488820114,0.3494787607339437,0.38489280004567766
RPsq8_B16,privacy_qa,0.01782277089315859,0.11185151090750758,0.09402874001434901,0.05781028765247128,0.13039145379767453,0.8765487795127903,0.8003892215568862,0.9434782608695652
RPsq8_B16,macro,0.0018918878017501926,0.007507806054456408,0.0056159182527062155,0.004219144340179193,0.007186571383825461,0.5867303320047642,0.5778896024808859,0.5952027616238489
PCAsq8_B16,contractnli,0.003375453242717789,0.0117691715070265,0.008393718264308712,0.004935766822748458,0.012519348754538534,0.5840961773015024,0.538949857813755,0.6292357269891198
PCAsq8_B16,cuad,0.005272167832306769,0.00535149271910581,7.932488679904052e-05,9.546058008766337e-06,0.0002055489170881727,0.0466193024587666,0.03730537583972991,0.05632825046671069
PCAsq8_B16,maud,0.0009900015396373675,0.001125716524477236,0.00013571498483986861,0.0,0.0003400040365976007,0.076038073265156,0.059453032104637336,0.0939825429901823
PCAsq8_B16,privacy_qa,0.05998317427639124,0.07096757964901056,0.010984405372619313,0.005392122534537749,0.017513769472606536,0.14329134045068043,0.08376963350785341,0.21428571428571427
PCAsq8_B16,macro,0.003212540871553975,0.0060821269168698485,0.002869586045315874,0.0017164031991512918,0.004253613987353289,0.23558451767514163,0.21958482364101042,0.2520067336594453
PQ_B16,contractnli,0.004296078814423921,0.015091440413090719,0.010795361598666798,0.007116488236733915,0.01487881405324498,0.7302660535430332,0.6829000507766992,0.7750038501026695
PQ_B16,cuad,0.03137642013464537,0.03677673286612312,0.005400312731477749,0.004236709520453868,0.0066862739020924515,0.24255117447780952,0.21905285223564522,0.26692832235319885
PQ_B16,maud,0.00145083310883031,0.001457854616072635,7.021507242324733e-06,0.0,1.8053660343021246e-05,0.0006111882478731846,0.0,0.001834862385321101
PQ_B16,privacy_qa,0.11432461022561129,0.11586614102390286,0.001541530798291574,0.0,0.004815292089781084,0.005028256889960974,0.0,0.015706806282722512
PQ_B16,macro,0.012374444019299869,0.017775342631762156,0.0054008986124622895,0.004069209765941989,0.006799553219906876,0.32447613875623865,0.30743875105238,0.3410047622944563
RPf32_B32,contractnli,0.0013164102584432315,0.010757460554972047,0.009441050296528817,0.0064414894256006605,0.013293469792760233,0.9535724389335207,0.9434021041176068,0.9631803362030722
RPf32_B32,cuad,0.0010023973030433514,0.001787642952613709,0.0007852456495703573,0.0005472935842202209,0.001052949418297164,0.574015780010958,0.5618765193014956,0.5859746179855672
RPf32_B32,maud,0.00013639609148493657,0.00017496240391313842,3.856631242820183e-05,0.0,9.92941197416716e-05,0.3658893662221305,0.3499893315324745,0.38120900445761674
RPf32_B32,privacy_qa,0.008266608901026071,0.06750360863646492,0.05923699973543885,0.037917857881184874,0.08572266747470192,0.9418167023474928,0.907142857142857,0.9670987828044747
RPf32_B32,macro,0.0008184012176571732,0.004240021970499631,0.003421620752842458,0.0024255581145957066,0.004708374888279755,0.6311591950555364,0.6235377881891838,0.6383934135961741
PCAf32_B32,contractnli,0.00046390873016199376,0.008832009058747616,0.00836810032858562,0.004705286774526646,0.01242646259676579,0.7633571009588674,0.7388719310514279,0.7894736842105263
PCAf32_B32,cuad,0.0012173362053056822,0.0014149431325455482,0.00019760692723986577,5.713823429363696e-06,0.00043839704480070116,0.0617720563245985,0.05096407040247847,0.07376464882263051
PCAf32_B32,maud,0.0,0.0,0.0,0.0,0.0,0.2661079169933477,0.23463175315934343,0.29901556580403144
PCAf32_B32,privacy_qa,0.023769402550734613,0.05422390591069194,0.03045450335995733,0.021978372909343204,0.043011299800413266,0.4477810566412173,0.359831529078391,0.5814333294378873
PCAf32_B32,macro,0.0005604149784892254,0.0034156507304310547,0.0028552357519418294,0.0016298717486546716,0.0042060931742850215,0.36374569142560453,0.35019273145228236,0.37796507375271726
RPsq8_B32,contractnli,0.016247021588961665,0.032071460639989974,0.015824439051028302,0.012503477906649317,0.01950874545564192,0.6980947442368713,0.6690960429434798,0.7264448462796436
RPsq8_B32,cuad,0.02153474314987903,0.025785080213063354,0.004250337063184324,0.0036090951415031383,0.0049550152547974055,0.3206498827284424,0.3029231830273389,0.3380559681320556
RPsq8_B32,maud,0.0015498794452664692,0.001626143672035416,7.626422676894687e-05,1.8429200623113103e-05,0.00014934592566895845,0.14178560961897252,0.12883410884877944,0.15529077720601706
RPsq8_B32,privacy_qa,0.08862550120916475,0.13982975131035646,0.0512042501011917,0.037876000514824634,0.06418086870585563,0.3392576382109672,0.2012143379118011,0.45662100456621
RPsq8_B32,macro,0.013110548061369054,0.01982756150836291,0.006717013446993859,0.005592295575093671,0.007962697446439305,0.3868434121947621,0.3745586970238097,0.3986899905265478
PCAsq8_B32,contractnli,0.012367513111737694,0.0264351249480304,0.01406761183629271,0.009474347502204127,0.01953200601988658,0.5668357959383871,0.5243766333701144,0.6085723328452106
PCAsq8_B32,cuad,0.018351029932925925,0.018743712481723726,0.00039268254879780363,0.0001666524294420861,0.0006808228651685626,0.027035483488680723,0.02068421370295808,0.03427497164278205
PCAsq8_B32,maud,0.002357807392852629,0.002410392158490529,5.2584765637900597e-05,7.099963630284925e-06,0.00012146338196379593,0.07793223264538383,0.06209343583678297,0.09503112254418469
PCAsq8_B32,privacy_qa,0.11733658990698367,0.12080637750135043,0.0034697875943667405,0.0010611418017096278,0.005546420658401746,0.01541146714771942,0.0,0.03419913419913424
PCAsq8_B32,macro,0.011025450145838748,0.015863076529414887,0.004837626383576138,0.0033145769851717216,0.006634299936814571,0.22393450402415055,0.20882387373456657,0.23945308579460575
PQ_B32,contractnli,0.004326799917343752,0.01732973887274773,0.013002938955403977,0.00855035596975774,0.018077241700967382,0.7030671474298714,0.6549208898912103,0.7510332730716253
PQ_B32,cuad,0.06529416258678092,0.07145996858039089,0.006165805993609985,0.0048615618755092835,0.007516970500727043,0.10535881884649942,0.09020151866690716,0.12170817107015373
PQ_B32,maud,0.003434160811320763,0.003434160811320763,0.0,0.0,0.0,0.0011847943014198007,0.0,0.0030084235860409147
PQ_B32,privacy_qa,0.1604417894200177,0.16721190568568364,0.006770116265665933,0.0005585355775075962,0.015065092832832964,0.016561345621990027,0.0,0.04348505434782611
PQ_B32,macro,0.024351707771815143,0.030741289421486465,0.006389581649671321,0.0048381202433747375,0.008132487948544528,0.26987025352593025,0.25286662141296307,0.2865315314393929
RPf32_B64,contractnli,0.0017749716691499104,0.016604722964158995,0.014829751295009089,0.010483344613729972,0.019646382478700215,0.9158969551370589,0.9024651386202025,0.9287865384087586
RPf32_B64,cuad,0.003496447508052797,0.0058589521472849826,0.0023625046392321855,0.0018594938113103627,0.0029396331353470184,0.47806356697128594,0.46401462987305137,0.4916716495782306
RPf32_B64,maud,0.00039901480427139926,0.0004931809118868809,9.416610761548164e-05,1.6476513210099814e-05,0.0002150133105764023,0.3650194661938745,0.34708006773307915,0.3825325601751071
RPf32_B64,privacy_qa,0.018071549469084822,0.11165365497541183,0.09358210550632699,0.05681087107178667,0.1309432355535334,0.8765487795127903,0.8003892215568862,0.9434782608695652
RPf32_B64,macro,0.001890144660491369,0.007652285341110288,0.005762140680618918,0.004311419577151816,0.007388630496986978,0.5863266627674064,0.5773734364391597,0.5950384375688506
PCAf32_B64,contractnli,0.0032431133661051364,0.011333467169256092,0.008090353803150954,0.00442006529877268,0.012373377370124904,0.5922260265014588,0.547419005939356,0.6381053268143105
PCAf32_B64,cuad,0.005109635692815502,0.005304044479392079,0.00019440878657657598,1.889376351118013e-05,0.00041218088018937673,0.04663660113576205,0.03767079890490314,0.056050882231121486
PCAf32_B64,maud,0.0010534186324865729,0.001127912185151924,7.449355266535121e-05,0.0,0.00021678045903934754,0.07959327215577668,0.062167771855798505,0.09796898862396759
PCAf32_B64,privacy_qa,0.06141487023757672,0.07371306492158915,0.012298194684012435,0.005403153217676093,0.01940062855540359,0.13933361768002,0.0962566844919786,0.19249376467136153
PCAf32_B64,macro,0.0031353892304690706,0.005921807944600031,0.0027864187141309607,0.001552610372820163,0.004213712740830197,0.23948529993099918,0.22306700654306913,0.25605390670696715
RPsq8_B64,contractnli,0.02952428486912342,0.046424977027758066,0.016900692158634645,0.01334726022380057,0.02075563623965999,0.5241817958158236,0.4930466030628798,0.5527044953788356
RPsq8_B64,cuad,0.047823873931432066,0.053087404341879536,0.005263530410447463,0.004535230650268473,0.006047529898168134,0.13779053473586023,0.12551481464966013,0.1509864528051968
RPsq8_B64,maud,0.002794512119838117,0.0029770288358652993,0.00018251671602718185,6.371880784570079e-05,0.0003347447449204684,0.07939987332495363,0.06939633395653158,0.08981227456067092
RPsq8_B64,privacy_qa,0.1370388498115203,0.16270457133319308,0.025665721521672766,0.01315266071990296,0.03933331513747028,0.15604214114420575,0.04886561954624781,0.2887654683166204
RPsq8_B64,macro,0.0267142236401312,0.03416313673516763,0.007448913095036431,0.006243777218679007,0.008776194089183929,0.24712406795887915,0.23584452237134496,0.2579974658029368
PCAsq8_B64,contractnli,0.024458093154342345,0.038710466309911616,0.01425237315556927,0.009930681181226997,0.019175191642929572,0.46390128209936266,0.41862785937016495,0.5085097937816971
PCAsq8_B64,cuad,0.04211990586676624,0.04233435587400272,0.00021445000723648686,7.823218609763136e-05,0.0004062232358861353,0.010704318357925985,0.0071902929153071235,0.014679930253116858
PCAsq8_B64,maud,0.0034570799362492856,0.0035183791579515423,6.129922170225705e-05,0.0,0.00017896427191760209,0.11229774453316674,0.09237967791057174,0.1330977620730271
PCAsq8_B64,privacy_qa,0.17056487802782375,0.1738125329556994,0.0032476549278756426,0.0009227172385360298,0.006315077838408095,0.016332512742142355,0.0,0.043209876543209874
PCAsq8_B64,macro,0.02334502631911929,0.02818773378062196,0.004842707461502672,0.003413840540193402,0.006486653938940612,0.19563444833015178,0.179139321198636,0.21219693149987
PQ_B64,contractnli,0.03282791528587124,0.05855282209752632,0.025724906811655075,0.018981821083340584,0.03289392688382807,0.6913331368828208,0.6457437784006456,0.7340130730803319
PQ_B64,cuad,0.09773749409729499,0.10294665116440356,0.00520915706710858,0.004122500374387285,0.006422977867295483,0.02954821044005214,0.022211130521587224,0.03762534112646292
PQ_B64,maud,0.005538777137619221,0.005538777137619221,0.0,0.0,0.0,0.0006009824797045014,0.0,0.0018270680291346665
PQ_B64,privacy_qa,0.20879138164816521,0.21426946379350076,0.005478082145335545,0.0003910656050189476,0.011783902019826433,0.06256120011026836,0.0,0.14738791423001954
PQ_B64,macro,0.045368062173595146,0.055679416799849696,0.010311354626254552,0.008065224518845933,0.01270859666925569,0.24049410993419246,0.22503789274809763,0.2548953512772822
RPf32_B96,contractnli,0.00742340220359776,0.021988183724891877,0.014564781521294114,0.010500124000986918,0.019233144420715748,0.8341101003530857,0.8143371866290063,0.851676547090654
RPf32_B96,cuad,0.00962009137625133,0.012133931395230701,0.0025138400189793713,0.002072992165062809,0.0029811620981105478,0.3694939323812171,0.35508143205624904,0.38431978962410585
RPf32_B96,maud,0.0004100585104391614,0.00046692800190003945,5.686949146087803e-05,7.298479265188073e-06,0.00012672273889144853,0.31037993928234725,0.2948241938900514,0.32597628222850383
RPf32_B96,privacy_qa,0.038185332362251544,0.12965155944106185,0.09146622707881029,0.060269357756731805,0.11887577476338987,0.7059617666303888,0.5405405405405406,0.8501529051987768
RPf32_B96,macro,0.00581785069676275,0.011529681040674205,0.005711830343911455,0.004314052375260551,0.0072837616064908624,0.50466132400555,0.4949244905102393,0.5142669920681562
PCAf32_B96,contractnli,0.0068152011473736045,0.01831931600888975,0.011504114861516142,0.007397316826543094,0.016310768641182326,0.5204830140420891,0.47227713264804017,0.5706642319808962
PCAf32_B96,cuad,0.01215285198068665,0.012549659982172156,0.00039680800148550666,0.00014304747361026598,0.0007005168482867833,0.040723075064835544,0.03218245265565658,0.04998987744169865
PCAf32_B96,maud,0.0017718113349838624,0.001945465868375758,0.00017365453339189557,7.612249241558588e-06,0.0004800746422218358,0.10003668578939212,0.08104886769964244,0.11981525241525075
PCAf32_B96,privacy_qa,0.09937691404978916,0.10823367019775924,0.008856756147970095,0.004493637820070763,0.012573371814978657,0.039907836086789855,0.0125,0.06382978723404255
PCAf32_B96,macro,0.006913288154348039,0.01093814728647922,0.004024859132131181,0.002657557937845287,0.005653256225701451,0.2204142582987722,0.20282478954249922,0.23847512713273442
RPsq8_B96,contractnli,0.0373199185295828,0.05734045970309504,0.020020541173512242,0.015544779438002964,0.025013599404909822,0.50442472552128,0.46807701223363873,0.5402071550077684
RPsq8_B96,cuad,0.06616619425288824,0.07031541568380652,0.004149221430918281,0.00355462535802334,0.004796109597343622,0.05920526095569884,0.05117054477975828,0.06739715916965726
RPsq8_B96,maud,0.0038183755381354994,0.003883854253829222,6.547871569372226e-05,2.0393958813271254e-05,0.00012009447263439377,0.06034245434125038,0.04952479812018962,0.07177615571776155
RPsq8_B96,privacy_qa,0.17697830139576592,0.19308438063754801,0.016106079241782083,0.005663341599049328,0.027587965561099576,0.13760220065616613,0.028148148148148148,0.2754573934837093
RPsq8_B96,macro,0.035768162773535506,0.04384657654691026,0.00807841377337475,0.006561974127288756,0.009777978968852637,0.2079908136060764,0.19521869620054705,0.22077699295496706
PCAsq8_B96,contractnli,0.03837039918915185,0.055422522239471445,0.01705212305031959,0.012144376670801165,0.022703209372520215,0.44751130724275173,0.40704490214187755,0.48938586243318505
PCAsq8_B96,cuad,0.06411088640752627,0.06456153377020683,0.0004506473626805745,0.00022515201172687173,0.0007347049082862066,0.0062244794831732295,0.0034686522436125342,0.009369446560040622
PCAsq8_B96,maud,0.004675551299365809,0.0046945763181902005,1.9025018824392377e-05,0.0,4.4102557959544485e-05,0.08069694016009439,0.06261089189264825,0.09976795215518482
PCAsq8_B96,privacy_qa,0.20921047805746906,0.20969649681988467,0.00048601876241558694,4.64684543663163e-05,0.0010817387303237447,0.01690745197927766,0.0,0.056962025316455694
PCAsq8_B96,macro,0.03571894563201464,0.04155954410928949,0.005840598477274852,0.004184807236405608,0.007730330633282104,0.1781442422953398,0.16309382076562157,0.1933292111851646
PQ_B96,contractnli,0.05042451137801321,0.06972927408783736,0.019304762709824147,0.01442790828735634,0.024217354665287506,0.4258180201284807,0.3775915673167757,0.47385400258008165
PQ_B96,cuad,0.10328259763497503,0.10820268006950294,0.004920082434527898,0.003811802982044083,0.00612645705797418,0.01363104908378773,0.009189739237670046,0.018689433081721794
PQ_B96,maud,0.00603260621022519,0.00603260621022519,0.0,0.0,0.0,0.0005920878980794251,0.0,0.001829268292682927
PQ_B96,privacy_qa,0.22518425018389837,0.23443140515019464,0.0092471549662963,0.0024989423792083354,0.016733977250586066,0.05738876261857008,0.005,0.11518324607329843
PQ_B96,macro,0.05324657174107115,0.06132152012252183,0.008074948381450682,0.006401349557686643,0.009779489208002411,0.14668038570344924,0.13027058921045678,0.16287380541792534
RPf32_B192,contractnli,0.01865065256505606,0.03654615290049405,0.017895500335437995,0.013393763690571197,0.022944361944882457,0.6868354204708255,0.6521685848252343,0.7201937458908613
RPf32_B192,cuad,0.032819053716760804,0.03744342714239289,0.004624373425632092,0.00397511074409698,0.00529207019474257,0.18580896085199888,0.17150272561656332,0.20001871332179713
RPf32_B192,maud,0.0019114066377320564,0.001995252605726755,8.384596799469835e-05,1.5671485702822288e-05,0.00016885327613788803,0.16472823855010607,0.14830752307994496,0.18170740700769836
RPf32_B192,privacy_qa,0.12039596078199089,0.16986159631721018,0.049465635535219314,0.026680178735109646,0.07284125395521919,0.33716082737649283,0.14438432495403317,0.5323591393078974
RPf32_B192,macro,0.017793704306516302,0.0253282775495379,0.007534573243021596,0.006040497790859861,0.00927542737181345,0.34579087329097685,0.33244454287319225,0.35912086249131614
PCAf32_B192,contractnli,0.020112657879109125,0.0344966979450747,0.014384040065965576,0.00929484048565342,0.020557859206660613,0.5169240620597438,0.4735737575258664,0.5602894925700778
PCAf32_B192,cuad,0.028671236156396142,0.028847615634182106,0.0001763794777859617,6.241579501045057e-05,0.00031807808421755926,0.012695164855146419,0.008279157081661727,0.017964183935597733
PCAf32_B192,maud,0.003005871587837561,0.0031660948658961807,0.00016022327805861997,1.6958577702595528e-05,0.0003977103795862902,0.1669976121836002,0.14105584787106332,0.1942284994100297
PCAf32_B192,privacy_qa,0.15256453299860642,0.1545062042130167,0.0019416712144102886,5.108806860831816e-05,0.004372324516281733,0.025871443260304675,0.010256410256410256,0.04184100418410042
PCAf32_B192,macro,0.017263255207780943,0.02217013614838433,0.004906880940603386,0.0032137853123649722,0.006948131647971521,0.23220561303283016,0.21535203920788187,0.24872680601351035
RPsq8_B192,contractnli,0.05683819654409831,0.07609331240482786,0.019255115860729553,0.015006943957028028,0.023784044464704904,0.43083003623710764,0.3893510504906793,0.47306179319614383
RPsq8_B192,cuad,0.08909988157895751,0.09211414983804736,0.003014268259089829,0.0024888952706984785,0.00359381028960621,0.013265468527785318,0.010151216735110645,0.016666774082667354
RPsq8_B192,maud,0.0059102271913197045,0.006031261796417075,0.00012103460509737049,1.3623521018285785e-05,0.0002960683499188001,0.006424065690593305,0.004030571923659084,0.009097996946480698
RPsq8_B192,privacy_qa,0.21954493688881915,0.22489604114186812,0.005351104253048932,0.0013769386017842833,0.0099132884899987,0.056044772110245826,0.0,0.13372887699438088
RPsq8_B192,macro,0.05061610177145851,0.058079574679764094,0.007463472908305584,0.006021482383913044,0.00897176662646261,0.15017319015182876,0.13619711386208405,0.16411631151284878
PCAsq8_B192,contractnli,0.0630921678038232,0.08464309058648024,0.021550922782657064,0.01582417535623963,0.028251900261731605,0.4577416678102268,0.3999948875255624,0.5142002538987317
PCAsq8_B192,cuad,0.09420194889001769,0.09447737414682336,0.0002754252568056843,0.00011477550775601635,0.000469649948864761,0.0007472087762567427,0.0,0.0017465287846673105
PCAsq8_B192,maud,0.0065457186363264055,0.006685534949613332,0.00013981631328692715,2.198172090365775e-05,0.0003359426953073533,0.010103671614861306,0.0054314208173388764,0.01537551744529864
PCAsq8_B192,privacy_qa,0.23635209806765048,0.23739358120339557,0.0010414831357450699,0.0,0.002985802230764713,0.0,0.0,0.0
PCAsq8_B192,macro,0.05461327844338909,0.06193533322763898,0.007322054784249892,0.0053966740553009415,0.009562760898301312,0.1561975160671149,0.13674496195347624,0.17482907935347036
PQ_B192,contractnli,0.07131876381946194,0.09255111091945573,0.021232347099993772,0.01563980941880116,0.02727588508169021,0.3820274569106871,0.327797749743689,0.43584305408271473
PQ_B192,cuad,0.1122340477141712,0.11427494702322759,0.002040899309056388,0.0013839543637103342,0.002787849762672309,0.001981799634373248,0.0007392758803702558,0.0034124085960121025
PQ_B192,maud,0.00728081585982892,0.00728081585982892,0.0,0.0,0.0,0.0,0.0,0.0
PQ_B192,privacy_qa,0.23499356902344837,0.2369988538650681,0.002005284841619708,0.00031986488237367716,0.003852629906185817,0.005289710969138254,0.0,0.0162206468763846
PQ_B192,macro,0.06361120913115402,0.07136895793417074,0.007757748803016721,0.005892913172169302,0.0098009815760866,0.12800308551502013,0.11002783554861634,0.14587976653432774
RPf32_B384,contractnli,0.03771110874479055,0.05748130500374009,0.01977019625894954,0.015297871945786981,0.024805432245927465,0.506117741530942,0.47099578482943577,0.54154256835997
RPf32_B384,cuad,0.06629243083771373,0.07028282849806695,0.00399039766035319,0.003401662007769388,0.004633420027111785,0.05919149903381262,0.0512491623899071,0.06756985454021257
RPf32_B384,maud,0.0037599499740145533,0.003880012303647522,0.00012006232963296908,4.438711824421344e-05,0.00021103837954180522,0.06033941412358137,0.0497039627039627,0.07183272679821955
RPf32_B384,privacy_qa,0.1772137162319356,0.1931218212130139,0.01590810498107829,0.005512061622538835,0.027262425995989353,0.13579987250730677,0.026455026455026454,0.27355719461697725
RPf32_B384,macro,0.03592116318550629,0.043881381935151516,0.007960218749645233,0.006464352938942108,0.00966401234845478,0.20854955156277868,0.19576008376404752,0.22109254466495495
PCAf32_B384,contractnli,0.03833382110761275,0.05512725178773141,0.016793430680118647,0.011970173422379389,0.02240000351104662,0.43929889262361543,0.39999478079331946,0.48073022312373226
PCAf32_B384,cuad,0.06433153478944288,0.06476852118200585,0.00043698639256296835,0.00023028756647359825,0.000707224980237205,0.005972246373414537,0.0032832635815809637,0.00901566203471403
PCAf32_B384,maud,0.004777643720029877,0.004796668738854269,1.902501882439237e-05,0.0,4.4102557959544465e-05,0.0795118757787911,0.06186609772710483,0.09832184015820519
PCAf32_B384,privacy_qa,0.20844245817903742,0.20899899844159162,0.0005565402625541839,0.00012408178950035418,0.0011207208836019333,0.01690745197927766,0.0,0.056962025316455694
PCAf32_B384,macro,0.03581433320569518,0.04156414723619719,0.005749814030502002,0.004123818246346332,0.007611661455708464,0.17492767159194036,0.15989770239802475,0.1898360660298017
RPsq8_B384,contractnli,0.06798311088221297,0.08874506787131949,0.020761956989106545,0.015853137350866776,0.02616581102572164,0.3844953611840826,0.33750434480361485,0.4317377772375266
RPsq8_B384,cuad,0.10244028644502019,0.10447736316015926,0.002037076715139093,0.0016106487064290382,0.002491376288936423,0.0037127120470891884,0.00235511817646564,0.005351792326869317
RPsq8_B384,maud,0.006527639151955801,0.006632568886744448,0.00010492973478864601,0.0,0.00025126336361964736,0.0033992455555815456,0.001795332136445242,0.005176014356706268
RPsq8_B384,privacy_qa,0.23717759169555322,0.24259862945970948,0.005421037764156282,0.0008644091371559888,0.011973690087057648,0.028174605367934782,0.0016666666666666666,0.0746868668263032
RPsq8_B384,macro,0.05898367882639632,0.06661833330607442,0.007634654479678094,0.005993076046232729,0.009429019932115422,0.1305357729289178,0.11504239399006433,0.14617814794201942
PCAsq8_B384,contractnli,0.08393869220731816,0.10300581762372368,0.01906712541640554,0.01433358458537292,0.024488525643188076,0.3541680232926002,0.30182748189786585,0.40885697825043066
PCAsq8_B384,cuad,0.1071488155117072,0.10746991002817213,0.00032109451646492965,0.00010468153886879252,0.0006047213607104071,0.0,0.0,0.0
PCAsq8_B384,maud,0.007036501782213203,0.007186550389597116,0.00015004860738391347,0.0,0.0004151416061056785,0.0005776890893596748,0.0,0.001816008127732404
PCAsq8_B384,privacy_qa,0.2597641442026871,0.260481703934538,0.0007175597318508647,0.0,0.0022003627591323537,0.0,0.0,0.0
PCAsq8_B384,macro,0.06604133650041284,0.07255409268049763,0.006512756180084795,0.0049279868789901034,0.008337229502959672,0.11824857079398661,0.10071902483068199,0.136483283059261
PQ_B384,contractnli,0.08044599148639617,0.09819987144853204,0.017753879962135875,0.013871313669271352,0.021942433988910263,0.30135943178694635,0.25317763087320316,0.35088427425779384
PQ_B384,cuad,0.11577471101533823,0.11722737770384382,0.001452666688505614,0.0009277845578668391,0.002038433697491402,0.0007437884755892606,0.0,0.0017073274861804486
PQ_B384,maud,0.007757558439863651,0.007757558439863651,0.0,0.0,0.0,0.0,0.0,0.0
PQ_B384,privacy_qa,0.25947039406491507,0.2610797366073876,0.0016093425424725412,0.0,0.003473161170222174,0.010350589058428838,0.0,0.02242152466367713
PQ_B384,macro,0.06799275364719934,0.07439493586407984,0.0064021822168804955,0.005081819881937357,0.007820212233149677,0.10070107342084521,0.08464052653019959,0.11722365719935157
RPf32_B768,contractnli,0.056883420930615304,0.07607118475976853,0.019187763829153232,0.015003344355786888,0.02365808807332874,0.4297982272902742,0.3885390523234784,0.4720248213825298
RPf32_B768,cuad,0.08902488689446723,0.09202871913314283,0.0030038322386756085,0.0024816626364152156,0.003567228487118145,0.013266485290062963,0.010160643197693523,0.016729745832098995
RPf32_B768,maud,0.005849937126970626,0.005971583018737482,0.00012164589176685514,1.4277007214757889e-05,0.0002967109022422941,0.006424065690593305,0.004030571923659084,0.009097996946480698
RPf32_B768,privacy_qa,0.2187859892761527,0.22474691444915731,0.0059609251730046555,0.0014159822587573327,0.011389295102770314,0.057731731473342686,0.001443001443001443,0.13372887699438088
RPf32_B768,macro,0.050586081650684386,0.05802382897054961,0.007437747319865233,0.0060232389062123285,0.008923903246939946,0.1498295927569768,0.13606209723342164,0.16397234233584496
PCAf32_B768,contractnli,0.06304883168584541,0.084826652259931,0.021777820574085578,0.015976639941500344,0.028421512141884372,0.45883162983740094,0.40122184116529136,0.5146917561892387
PCAf32_B768,cuad,0.09429039917336786,0.09464525238746589,0.0003548532140980378,0.00013669771426169514,0.0006152319044403916,0.0007472087762567427,0.0,0.0017465287846673105
PCAf32_B768,maud,0.006501211663611553,0.006640688816910201,0.00013947715329864824,2.1909770928377054e-05,0.0003338796365701333,0.010120324806971977,0.004895960832313341,0.015985790408525755
PCAf32_B768,privacy_qa,0.23691012552520885,0.2378679212683228,0.0009577957431139345,0.0,0.002928492616576406,0.0,0.0,0.0
PCAf32_B768,macro,0.054613480840941614,0.062037531154769024,0.00742405031382742,0.005487868688620403,0.009667605509019241,0.15656638780687654,0.13720973426212094,0.1753553073324214
RPsq8_B768,contractnli,0.07478201391590948,0.09457426452775093,0.01979225061184144,0.015177464088762804,0.024902541025664672,0.3684254903249419,0.31752663111095886,0.4186944154612009
RPsq8_B768,cuad,0.10816470272768948,0.10996460237706318,0.001799899649373711,0.0013773874799070922,0.0022769545031770247,0.0019949844938804656,0.001013325630974275,0.0031776534103300468
RPsq8_B768,maud,0.0072660064893785205,0.007294807829551981,2.8801340173460887e-05,0.0,8.674634268600583e-05,0.001796027181659524,0.0006064189499604903,0.0031634466216840093
RPsq8_B768,privacy_qa,0.24592724458565493,0.24834383912324345,0.0024165945375885286,0.0002831811365770307,0.0054542318996548544,0.01748171933557315,0.003333333333333333,0.03333682008368202
RPsq8_B768,macro,0.06340424104432583,0.07061122491145537,0.007206983867129538,0.005669639421363977,0.008938548588461541,0.12407216733349392,0.10704429668948318,0.14091741834820717
PCAsq8_B768,contractnli,0.08687965837356325,0.10660633393371689,0.019726675560153638,0.01441559633947229,0.02590005057367592,0.3184027006145562,0.266259324103142,0.3732953216374269
PCAsq8_B768,cuad,0.10746565603599305,0.10784440465660307,0.0003787486206100297,0.00013389388640849232,0.0006828851301384411,0.0,0.0,0.0
PCAsq8_B768,maud,0.0073411919247443275,0.007507061108854936,0.0001658691841106089,0.0,0.0004366513691661251,0.0005776890893596748,0.0,0.001816008127732404
PCAsq8_B768,privacy_qa,0.2576759984958528,0.25908007632781693,0.0014040778319641652,0.0,0.003041524067992074,0.0,0.0,0.0
PCAsq8_B768,macro,0.06722883544476688,0.07398593323305828,0.006757097788291425,0.004960871343896669,0.008837724217570396,0.10632679656797195,0.08895352222945718,0.12461395549559183
PQ_B768,contractnli,0.08221657143595053,0.10020691081922192,0.01799033938327137,0.013711365984702772,0.02269510146341077,0.31058733148746265,0.26099387989289813,0.36117540773396356
PQ_B768,cuad,0.11601142166194797,0.11746893171493394,0.0014575100529859756,0.0009552399277432188,0.0020352336519622,0.0007437884755892606,0.0,0.0017073274861804486
PQ_B768,maud,0.007678004406470052,0.007678004406470052,0.0,0.0,0.0,0.0006171511957472881,0.0,0.0018472906403940886
PQ_B768,privacy_qa,0.25906771418828034,0.2608894180347262,0.0018217038464459333,0.0,0.003970669982711237,0.005289710969138254,0.0,0.0162206468763846
PQ_B768,macro,0.06863533250145619,0.07511794898020864,0.006482616478752448,0.005044642770207893,0.008044605862021057,0.10398275705293307,0.0874839838873628,0.12079476287516383
RPf32_B1536,contractnli,0.06833256860601418,0.08851862160679584,0.02018605300078166,0.015404287733952624,0.02545736235235092,0.38208106864911484,0.3359370006360628,0.4293812472837896
RPf32_B1536,cuad,0.10237568761228927,0.10447778686165844,0.002102099249369176,0.0016618909964487717,0.002569289482998238,0.0037127120470891884,0.00235511817646564,0.005351792326869317
RPf32_B1536,maud,0.006522622860279573,0.006605130125686107,8.2507265406534e-05,0.0,0.0002242411619314232,0.0035995730488163798,0.0019372084153761553,0.005504794883049651
RPf32_B1536,privacy_qa,0.23753640366758424,0.24317830132081142,0.005641897653227148,0.0008644091371560971,0.012637775538429291,0.028174605367934782,0.0016666666666666666,0.0746868668263032
RPf32_B1536,macro,0.05907695969286101,0.0665338461980468,0.007456886505185789,0.005864508627646766,0.009213004967312725,0.1297977845816735,0.11438675621009314,0.14547133893524755
PCAf32_B1536,contractnli,0.0841226791299772,0.1037004700385502,0.019577790908572985,0.014722694837945164,0.025140626764482574,0.3469732588915978,0.29489500866876944,0.40168266184699314
PCAf32_B1536,cuad,0.10716907960796856,0.10747528042641612,0.0003062008184475416,8.677854853707049e-05,0.0005924647158684749,0.0,0.0,0.0
PCAf32_B1536,maud,0.007092081181371421,0.007234415221110977,0.0001423340397395557,0.0,0.00039480875146258255,0.0005776890893596748,0.0,0.001816008127732404
PCAf32_B1536,privacy_qa,0.2600853457513284,0.2608029054831793,0.0007175597318508664,0.0,0.0022003627591324067,0.0,0.0,0.0
PCAf32_B1536,macro,0.06612794663977241,0.07280338856202576,0.006675441922253361,0.005057407287204718,0.008536169330831728,0.1158503159936525,0.09845734087613689,0.13410389161506409
BM25,contractnli,0.06275227576664709,0.08239166497045587,0.019639389203808803,0.01480821038190003,0.024956985350757105,0.48432680982177295,0.4261938068721989,0.5431988998948291
BM25,cuad,0.044267874672517964,0.04554080488648306,0.0012729302139651046,0.000810256289739029,0.0017923235474037677,0.00173835479637147,0.0005139901905993772,0.003057441860087147
BM25,maud,0.00568078944815249,0.006161106040606611,0.0004803165924541205,0.00018182050994418596,0.0008418118661737791,0.0052731011946509625,0.0,0.015873015873015872
BM25,privacy_qa,0.10407262644986692,0.11433052695937904,0.010257900509512132,0.0007380646491554205,0.0238746389954983,0.07678799523613629,0.012121212121212121,0.1493212669683258
BM25,macro,0.03756697996243918,0.04469785863251519,0.00713087867007601,0.005484741464690815,0.008904504661076755,0.16377942193759845,0.1442451912895264,0.18356109922185848
BM25_sw,contractnli,0.06602862045401353,0.08503577349785543,0.019007153043841915,0.014560326723318737,0.02380083540231588,0.4084329785607655,0.3637261674495717,0.452642073778664
BM25_sw,cuad,0.06011357230398132,0.061533216525726034,0.0014196442217446995,0.0008923914046837196,0.002003225102999518,0.0,0.0,0.0
BM25_sw,maud,0.006137278126802608,0.006155834784149248,1.8556657346639764e-05,0.0,5.769870416387025e-05,0.0024002391315004934,0.0005878808415040299,0.004854442617056018
BM25_sw,privacy_qa,0.11128732472791136,0.11915486069013119,0.007867535962219839,0.0032855625631849072,0.01163447708229046,0.025762056206148257,0.0,0.05555555555555555
BM25_sw,macro,0.04409315696159915,0.05090827493591024,0.006815117974311084,0.005325622073676752,0.008412089920251858,0.13694440589742196,0.12210397133388616,0.15169639779341637
