cond,B,macro,contractnli,cuad,maud,W_point
"flat float32, raw (sanity: ~1)",4096,1.0,1.0,1.0,1.0,1.0
"flat float32, PCA centred+norm d=1024",4096,1.008,1.2078,0.9102,0.9328,0.9102
SQ8 raw d=1024,1024,1.0014,1.0031,1.0,1.0086,1.0
SQ4 raw d=1024 (same bytes as PQ m=512),512,0.9881,0.9886,0.987,1.0021,0.987
SQ8 raw+L2 d=1024,1024,1.0014,1.0031,1.0,1.0086,1.0
SQ4 raw+L2 d=1024,512,0.9881,0.9886,0.987,1.0021,0.987
SQ8 PCA uncentred+norm d=1024,1024,1.0011,1.0014,1.0001,1.0147,1.0001
SQ8 PCA centred+norm d=1024 (pipeline),1024,1.0111,1.2174,0.9102,0.9333,0.9102
SQ4 PCA centred+norm d=1024,512,0.9935,1.1945,0.8946,0.9282,0.8946
"PQ m=512, raw (as in supp_all.py)",512,0.9976,1.0013,0.9939,1.0281,0.9939
"PQ m=512, centred+norm",512,1.0084,1.2069,0.9128,0.9062,0.9062
