rep,index,param,ndcg_macro,ratio_to_flat,r_lo,r_hi,overlap10,lat_ms,mem_mib
raw,Flat,-,0.12423780768177961,1.0,1.0,1.0,1.0,43.41560648754239,626.3281679153442
raw,IVF,nprobe=8,0.11857862961322543,0.9330181983861413,0.9031546862123078,0.9616478174084335,0.7095826668605497,0.4698855336755514,631.5593671798706
raw,IVF,nprobe=32,0.12433402391310419,0.9909773309011267,0.9678739820430757,1.008920761550249,0.8508215791769668,1.4183714520186186,631.5593671798706
raw,IVF,nprobe=128,0.12438831974742119,0.9965300048221571,0.9818629003346641,1.0074892277153358,0.9520721244728806,6.71386020258069,631.5593671798706
raw,HNSW,efS=64,0.11768758538438893,0.906313588256393,0.8773837986959899,0.933417313644066,0.8791333430274828,0.3111748956143856,667.948808670044
PCAf32_B768,Flat,-,0.10320784956233575,1.0,1.0,1.0,1.0,7.892598630860448,117.43656635284424
PCAf32_B768,IVF,nprobe=8,0.09434591425658519,0.9105188697037758,0.8864659346988784,0.9339611204468222,0.7298967573069652,0.09440607391297817,119.4177656173706
PCAf32_B768,IVF,nprobe=32,0.1012474373854521,0.9835082218482009,0.9711971751329285,0.9954048854437586,0.8926566816925987,0.28581172227859497,119.4177656173706
PCAf32_B768,IVF,nprobe=128,0.10265405858072306,0.9958609875154937,0.9909211566785354,1.0004961953657845,0.9771557365130144,0.8576372638344765,119.4177656173706
PCAf32_B768,HNSW,efS=64,0.10236431048757651,0.9902751497148089,0.9802528194366995,0.998687840230225,0.9430565653628035,0.10186852887272835,159.05720710754395
RPf32_B768,Flat,-,0.07907580139453603,1.0,1.0,1.0,1.0,7.927454076707363,117.43656635284424
RPf32_B768,IVF,nprobe=8,0.07283223931520323,0.9140613011276603,0.8782823591498593,0.9486498960896904,0.5630071251999419,0.08945632725954056,119.4177656173706
RPf32_B768,IVF,nprobe=32,0.07752742712543428,0.9819597892551719,0.9589475427315445,1.0042858488169553,0.7591391595172314,0.2794319298118353,119.4177656173706
RPf32_B768,IVF,nprobe=128,0.0787083066013063,0.9954624001155384,0.9867301248132305,1.003362670333301,0.9305074887305511,0.9904606267809868,119.4177656173706
RPf32_B768,HNSW,efS=64,0.0757415778356263,0.945127446096504,0.9176647328653809,0.9687686268538322,0.857496001163298,0.21861540153622627,159.05720710754395
