rep,source,ndcg,dochit
raw,contractnli,0.08764845646858917,0.4329580348004094
raw,cuad,0.1712535680383877,0.9972731779871096
raw,maud,0.010124142260801099,0.6379928315412187
raw,privacy_qa,0.3175320512830713,0.984375
raw,macro,0.08967538892259265,0.6894080147762459
BM25,contractnli,0.06275088940163379,0.48618219037871035
BM25,cuad,0.04420551396309837,0.9997521070897373
BM25,maud,0.005637863022356066,1.0
BM25,privacy_qa,0.1032260657202438,0.9583333333333334
BM25,macro,0.03753142212902941,0.8286447658228159
BM25_sw,contractnli,0.06606397424338308,0.47697031729785055
BM25_sw,cuad,0.06001970341165122,1.0
BM25_sw,maud,0.006102802917543935,0.9958183990442055
BM25_sw,privacy_qa,0.11080955623060429,0.921875
BM25_sw,macro,0.04406216019085942,0.8242629054473521
