rep,d,source,ndcg_global,ndcg_oracle,id_share,id_lo,id_hi,loss_total,loss_localization,loss_identification,lid_lo,lid_hi
raw,1024,contractnli,0.08757692312279529,0.5597995537916355,0.8435865746388357,0.7902550452239404,0.892860217053869,0.0,0.0,0.0,0.0,0.0
raw,1024,cuad,0.17132547908620838,0.23452669175112947,0.269490020836643,0.2338693985965633,0.307781277386361,0.0,0.0,0.0,0.0,0.0
raw,1024,maud,0.010148003961965068,0.07231670302789704,0.8595595841247077,0.8108600126202945,0.9026448891984158,0.0,0.0,0.0,0.0,0.0
raw,1024,privacy_qa,0.31449316173701086,0.4013102896921187,0.20580548527889397,0.00761802071334764,0.4010974214609734,0.0,0.0,0.0,0.0,0.0
RPf32_B16,4,contractnli,6.846679850877742e-05,0.3555751338869585,0.9998085774863911,0.9993998921333074,1.0,0.0875084563242865,0.20422441990467713,-0.11671596358039057,-0.15292636352281985,-0.07918771429273917
RPf32_B16,4,cuad,0.00010897507167292301,0.10260433417670554,0.9989362743067058,0.9975550646136461,0.9998560311846377,0.17121650401453548,0.13192235757442392,0.039294146440111546,0.02971895773017999,0.0485378234931069
RPf32_B16,4,maud,0.0,0.011723198544059617,1.0,1.0,1.0,0.010148003961965068,0.06059350448383743,-0.05044550052187236,-0.05810290988877204,-0.043173720880849746
RPf32_B16,4,privacy_qa,0.0,0.25716688153969414,1.0,1.0,1.0,0.31449316173701086,0.1441434081524245,0.17034975358458632,0.07257294164638037,0.26714013246914353
PCAf32_B16,4,contractnli,0.0015753857667897017,0.4793429619551457,0.9967263624531549,0.9924177661989837,0.9995645699126762,0.08600153735600559,0.08045659183648987,0.005544945519515707,-0.03391857455088933,0.045448703924195026
PCAf32_B16,4,cuad,0.000475657955826296,0.16454106707540808,0.997110620870392,0.994895026717728,0.9989403855259791,0.17084982113038208,0.0699856246757214,0.10086419645466067,0.08855545471259717,0.11389700526328134
PCAf32_B16,4,maud,0.0,0.020134122433959695,1.0,1.0,1.0,0.010148003961965068,0.05218258059393734,-0.042034576631972284,-0.05022772774402588,-0.03391364510770718
PCAf32_B16,4,privacy_qa,0.001757615892042425,0.2721195191281633,0.9934372410486818,0.9779796338527806,1.0,0.3127355458449683,0.12919077056395536,0.183544775281013,0.08047315467669203,0.28240696521311814
RPf32_B32,8,contractnli,0.0006353269325237277,0.3669367727470105,0.9982704453570032,0.9964693269085266,0.9995889061801541,0.08694159619027156,0.1928627810446251,-0.10592118485435349,-0.14069293495075275,-0.07012720305279346
RPf32_B32,8,cuad,0.00037439345952745595,0.11416919607110829,0.9967191345934326,0.9950079955174855,0.9982052127020886,0.17095108562668093,0.12035749568002117,0.05059358994665975,0.040686419952778274,0.059993048716230145
RPf32_B32,8,maud,0.00011032001394814684,0.014733110703003864,0.9924992159080005,0.9827297367980972,0.9990178303466514,0.010037683948016919,0.05758359232489319,-0.047545908376876264,-0.055000708723991834,-0.040378273038327174
RPf32_B32,8,privacy_qa,0.0005712752619330393,0.221832469005863,0.9975603123944248,0.9964411722920722,0.9992348182856735,0.3139218864750778,0.17947782068625562,0.13444406578882215,0.013554215225387523,0.21896118547742605
PCAf32_B32,8,contractnli,0.002842303910258699,0.5391126589325356,0.9947387917633174,0.9910757892444652,0.9978355225953347,0.08473461921253658,0.02068689485910001,0.06404772435343656,0.02739661060605487,0.1010589512018216
PCAf32_B32,8,cuad,0.0015431680293803143,0.21967637671216328,0.9929737415444477,0.9887563114664737,0.9962757712204208,0.1697823110568281,0.01485031503896618,0.15493199601786187,0.14180444917733612,0.16780395248954813
PCAf32_B32,8,maud,0.00013361765742695184,0.03047958966267402,0.9956169454762755,0.9887227280422709,1.0,0.010014386304538115,0.04183711336522302,-0.03182272706068491,-0.03986833768895668,-0.023782341492963353
PCAf32_B32,8,privacy_qa,0.025539010622101586,0.2618519059732572,0.9020155226193888,0.8822948522315198,0.9232890023583962,0.28895415111490924,0.13945838371886146,0.14949576739604778,0.04948912792994048,0.2338371662308872
RPf32_B64,16,contractnli,0.0012486510936631041,0.39369034718894785,0.9968342563022397,0.9939151960427536,0.9990841218423415,0.08632827202913218,0.16610920660268766,-0.07978093457355549,-0.11655970584682145,-0.042583058990311506
RPf32_B64,16,cuad,0.004348875678549847,0.1319247060326624,0.9670218638557223,0.9593271741880438,0.9742028072716856,0.16697660340765855,0.10260198571846704,0.06437461768919149,0.05402481731044031,0.0742396728539333
RPf32_B64,16,maud,0.00018058063832403836,0.02241227539103606,0.9919444225264961,0.9841554999525801,0.9979767012510682,0.009967423323641028,0.04990442763686099,-0.039937004313219955,-0.04666299299576445,-0.033349199339165636
RPf32_B64,16,privacy_qa,0.01098535365121397,0.2591851509249507,0.9561790969596616,0.9195981169442372,0.9810840375240465,0.3035078080857968,0.14212513876716798,0.16138266931862888,0.05923139969234961,0.24875652362709472
PCAf32_B64,16,contractnli,0.003883415818057443,0.5561761371620852,0.9930161570973329,0.9885399716157832,0.9967492879807448,0.08369350730473783,0.0036234166295501793,0.08007009067518765,0.04370012095602425,0.11773606622756716
PCAf32_B64,16,cuad,0.007494272398813368,0.26187491262636503,0.9713786544216912,0.9640402727921247,0.9781362762415915,0.16383120668739504,-0.027348220875235543,0.19117942756263057,0.17850745700006201,0.20424819215703352
PCAf32_B64,16,maud,0.0011495875951024956,0.051979685415254974,0.9778843249388808,0.9625155198345897,0.9910615194822622,0.008998416366862572,0.020337017612642064,-0.011338601245779496,-0.017865459864625326,-0.004702704816027709
PCAf32_B64,16,privacy_qa,0.051109279371520225,0.29763653629359316,0.8303740732562176,0.776688623671404,0.9058619529291526,0.2633838823654906,0.10367375339852546,0.15971012896696515,0.05417987469458163,0.2354132567396941
RPf32_B96,24,contractnli,0.005601412547333958,0.4003685924160307,0.9860516282550936,0.9736285006899722,0.9946112648694246,0.08197551057546133,0.15943096137560492,-0.07745545080014359,-0.11456268776782837,-0.03900641402583577
RPf32_B96,24,cuad,0.008156606215295516,0.14025702357510084,0.9418575993410654,0.9297867320960346,0.9530132314876536,0.1631688728709129,0.09426966817602864,0.06889920469488425,0.05890262230215267,0.07866743187296071
RPf32_B96,24,maud,0.0007001962297699491,0.025491523479460328,0.9725751021907797,0.952128644815467,0.9887787605257675,0.009447807732195118,0.04682517954843672,-0.037377371816241595,-0.04470596274207669,-0.030302079323256213
RPf32_B96,24,privacy_qa,0.013064584245502765,0.2738787927947604,0.9503796257394367,0.908624814596492,0.9857045205284511,0.30142857749150803,0.12743149689735822,0.1739970805941498,0.07693378570597831,0.24298871862334312
PCAf32_B96,24,contractnli,0.004640693722206338,0.5747818179908301,0.9919327108311403,0.9877498501715499,0.9956738038407841,0.08293622940058895,-0.01498226419919451,0.09791849359978345,0.06141664009103929,0.13477095914469078
PCAf32_B96,24,cuad,0.013337992519736346,0.2742919809768131,0.9513759664200244,0.9411861166672046,0.9611451590370442,0.15798748656647205,-0.039765289225683675,0.19775277579215572,0.18500662685945887,0.21071862108604528
PCAf32_B96,24,maud,0.002229427939454315,0.06733055109663597,0.9668730681057622,0.9502602852557553,0.9814263041893465,0.007918576022510752,0.004986151931261071,0.0029324240912496813,-0.002974766194506582,0.009189356910800995
PCAf32_B96,24,privacy_qa,0.05314206042121297,0.2848200803616749,0.8084301916763823,0.6757128699339686,0.9226441413051002,0.2613511013157978,0.11649020933044375,0.1448608919853541,0.008083665363150305,0.24210911599583088
RPf32_B192,48,contractnli,0.007550133705944772,0.4725245718090505,0.9840286620974118,0.9757867509077117,0.9907983821920083,0.08002678941685051,0.08727498198258507,-0.007248192565734552,-0.040583956150468455,0.026988671643490423
RPf32_B192,48,cuad,0.028204156014121864,0.1759273170832833,0.8396609321349545,0.820014421362116,0.8585630194406644,0.1431213230720865,0.05859937466784618,0.08452194840424036,0.07496048378054142,0.09413915450819407
RPf32_B192,48,maud,0.0019087163666235728,0.04136553325657781,0.9538507795844423,0.9323301616843044,0.9720664781416051,0.008239287595341495,0.030951169771319235,-0.022711882175977742,-0.028321712493849873,-0.017036171688668705
RPf32_B192,48,privacy_qa,0.04596965432514203,0.29972624614282534,0.8417636971017806,0.7432968821359958,0.9206673226623913,0.26852350741186876,0.10158404354929332,0.16693946386257544,0.09191633294714768,0.23338646469609164
PCAf32_B192,48,contractnli,0.012518538382447751,0.6149894055986047,0.979667924399349,0.9693043042891761,0.9881562107659806,0.07505838474034754,-0.055189851806969066,0.1302482365473166,0.09824338654436354,0.16285820936622833
PCAf32_B192,48,cuad,0.04450191236917244,0.2971048397606379,0.8502106285713071,0.8310681708059263,0.8692443722439986,0.12682356671703596,-0.06257814800950838,0.18940171472654435,0.17737896271942336,0.20159490495734794
PCAf32_B192,48,maud,0.0026481441535884365,0.0762697950972396,0.965300553970903,0.9430048377508192,0.9844901159160031,0.0074998598083766315,-0.003953092069342557,0.011452951877719188,0.006451122706705107,0.016442668869504382
PCAf32_B192,48,privacy_qa,0.11893122972350338,0.32280660834692665,0.6269743379409711,0.4698538698157308,0.7767827575849425,0.19556193201350744,0.07850368134519198,0.11705825066831542,0.012436213412651682,0.21298169828874383
RPf32_B384,96,contractnli,0.023517004340054784,0.440197505890564,0.9466574084850096,0.9176413018186863,0.9705175669212094,0.0640599187827405,0.1196020479010715,-0.05554212911833101,-0.08209322656480016,-0.029504265516646828
RPf32_B384,96,cuad,0.07002821416079892,0.17856521280127288,0.6078480884910903,0.5758835929458584,0.6412086681176371,0.10129726492540948,0.05596147894985658,0.04533578597555289,0.03787281455166931,0.05237664453041243
RPf32_B384,96,maud,0.0046023117664667325,0.048773176564108206,0.905577549146098,0.8712151750733407,0.9344845398206032,0.005545692195498337,0.023543526463788843,-0.017997834268290512,-0.022947529640089653,-0.013060457165429995
RPf32_B384,96,privacy_qa,0.1220661526240314,0.3198674174830353,0.6127633553529972,0.43531555010136924,0.7723701883090176,0.1924270091129794,0.08144287220908333,0.11098413690389608,0.03941187158267105,0.18385531675756564
PCAf32_B384,96,contractnli,0.02844994313923105,0.6101061398453899,0.9533710365588317,0.9367256075808366,0.9678809403580735,0.05912697998356423,-0.050306586053754244,0.10943356603731849,0.0803489431662212,0.13952313905338923
PCAf32_B384,96,cuad,0.09385186351914718,0.2762646694425455,0.6602601276667561,0.6321242915923009,0.6900745584222037,0.07747361556706121,-0.041737977691416066,0.11921159325847729,0.10843156691326813,0.1296822160482145
PCAf32_B384,96,maud,0.005810600355321183,0.08351162314627085,0.930421870438561,0.8980494434251242,0.9580052071067031,0.004337403606643884,-0.011194920118373801,0.015532323725017687,0.011162933042088754,0.01993215849044409
PCAf32_B384,96,privacy_qa,0.20754516148661167,0.3443379664334616,0.3932855090200751,0.2170019715728662,0.5650719642535047,0.10694800025039915,0.05697232325865707,0.049975676991742074,-0.03861456407700517,0.1339367692334348
RPf32_B768,192,contractnli,0.0501568010741987,0.5191543488975446,0.9034615484484185,0.8641175221702743,0.9384199227259516,0.0374201220485966,0.04064520489409101,-0.0032250828454944225,-0.02201997669840235,0.015069270721984116
RPf32_B768,192,cuad,0.11714700032617308,0.20971397426908306,0.44142127704793555,0.40705877182841177,0.4767650049304883,0.05417847876003533,0.024812717482046432,0.029365761277988903,0.023900241068141204,0.034613692130580104
RPf32_B768,192,maud,0.007223415638655519,0.058423565170491285,0.8763577612945171,0.8379835515697105,0.9116801468220241,0.0029245883233095494,0.013893137857405759,-0.01096854953409621,-0.014974278004350444,-0.0070669779028109505
RPf32_B768,192,privacy_qa,0.2219617509264238,0.3670781159791043,0.38352333472745814,0.13545684789532775,0.6144700909015348,0.092531410810587,0.03423217371301436,0.058299237097572634,0.030667816637806378,0.08671698005931167
PCAf32_B768,192,contractnli,0.059054741672694776,0.5854471356154394,0.8991811376900259,0.8640644998321447,0.9301342103005116,0.028522181450100513,-0.025647581823803826,0.054169763273904346,0.035040921275840284,0.07384425221367857
PCAf32_B768,192,cuad,0.14529538793030644,0.24564895765369396,0.40854367112854767,0.37394688651172425,0.44361502513835477,0.02603009115590192,-0.011122265902564482,0.0371523570584664,0.031320377452162027,0.04306433630142659
PCAf32_B768,192,maud,0.0088023688687848,0.07846732803196,0.887687779676384,0.8492951641249029,0.9221798775782933,0.0013456350931802662,-0.006150625004062944,0.00749626009724321,0.004036170846070198,0.011092764937767886
PCAf32_B768,192,privacy_qa,0.2677082160609711,0.3612679909051021,0.2530328141865453,0.0914400858825886,0.40763394210824483,0.04678494567603974,0.04004229878701657,0.006742646889023166,-0.04790090455376983,0.06393464109918226
RPf32_B1536,384,contractnli,0.0728416457399407,0.5407976591559318,0.865352938781842,0.8185138623035435,0.9083978796416842,0.014735277382854583,0.01900189463570372,-0.004266617252849139,-0.016433471275720587,0.008246073626079235
RPf32_B1536,384,cuad,0.14456228525074907,0.21945099030019907,0.34128542041950377,0.3059139755054448,0.37859045720669493,0.02676319383545931,0.015075701450930405,0.011687492384528906,0.008556129400845748,0.014782022535670876
RPf32_B1536,384,maud,0.009368873264232221,0.06644383671446809,0.8589080021180581,0.8118758293847603,0.9007109477981149,0.0007791306977328465,0.005872866313428958,-0.0050937356156961116,-0.007882531619368078,-0.0023498162335879387
RPf32_B1536,384,privacy_qa,0.24663345585582022,0.35102124161566123,0.2868414536690725,0.06527705395711055,0.4994591981175852,0.0678597058811906,0.05028904807645742,0.01757065780473316,-0.0015164717322518895,0.04724187073437898
PCAf32_B1536,384,contractnli,0.09423489476501619,0.5546393724561783,0.8301526109978645,0.774609932348908,0.8818308235304196,-0.0066579716422209,0.00516018133545724,-0.011818152977678138,-0.024935136562738817,0.0011244605812947299
PCAf32_B1536,384,cuad,0.1586084612219477,0.21672950756001091,0.2682170847454867,0.2335869841687461,0.30578118757871875,0.012717017864260704,0.01779718419111856,-0.005080166326857862,-0.008177516235502445,-0.0020907865406491993
PCAf32_B1536,384,maud,0.009552425044343416,0.06663049296947972,0.8564768666929723,0.8097198248688046,0.8971902497243862,0.000595578917621651,0.005686210058417336,-0.005090631140795685,-0.007997894122693907,-0.0022048361634308448
PCAf32_B1536,384,privacy_qa,0.3242619707788971,0.40383127211584735,0.18796036859591425,0.013886688072723509,0.3633408854244903,-0.009768809041886345,-0.0025209824237287124,-0.0072478266181576325,-0.02213464925130047,0.004591670325063204
