rep,feature,perm_importance_auc
PCAf32_B384,qlen,0.0002991679199445717
PCAf32_B384,id_density,0.00720237225130801
PCAf32_B384,overlap,-0.0016864142079654743
PCAf32_B384,log_doc_chunks,0.010484014087806852
PCAf32_B384,log_n_gold,0.007933945226015524
PCAf32_B384,margin,0.06210418423683652
PCAf32_B384,s_gold,0.15808419288657652
PCAf32_B384,comp_same_doc,-3.590732567776643e-05
PCAf32_B384,src_contractnli,0.001786823882514037
PCAf32_B384,src_cuad,0.0004486460890436829
PCAf32_B384,src_maud,-0.00010483324961235939
PCAf32_B384,src_privacy_qa,0.004458320175015636
RPf32_B384,qlen,0.013779591926281472
RPf32_B384,id_density,0.022925491983627054
RPf32_B384,overlap,0.00024816155516549376
RPf32_B384,log_doc_chunks,0.009127305670980888
RPf32_B384,log_n_gold,0.01535106377367522
RPf32_B384,margin,0.012387744666888944
RPf32_B384,s_gold,0.2655886645286812
RPf32_B384,comp_same_doc,0.0020938850573034304
RPf32_B384,src_contractnli,0.01812732622606845
RPf32_B384,src_cuad,0.0015946109673658261
RPf32_B384,src_maud,-3.1668077801594305e-05
RPf32_B384,src_privacy_qa,0.0020758446177169
PQ_B32,qlen,0.0102242458938295
PQ_B32,id_density,0.004775320038890696
PQ_B32,overlap,0.006952536514188097
PQ_B32,log_doc_chunks,0.015311727501719519
PQ_B32,log_n_gold,0.027095439940414058
PQ_B32,margin,0.007564515801582611
PQ_B32,s_gold,0.14460908961788183
PQ_B32,comp_same_doc,0.000524709106626764
PQ_B32,src_contractnli,0.02091701010776747
PQ_B32,src_cuad,0.007687183537726824
PQ_B32,src_maud,0.001767800451829209
PQ_B32,src_privacy_qa,0.0018199825030658623
