name,fam,B_bytes,d,mem_mib,lat_ms,lat_p95,ndcg_macro,lo,hi,retention,ret_lo,ret_hi,pareto_prob,dochit_macro,ndcg_contractnli,ndcg_cuad,ndcg_maud,ndcg_privacy_qa
raw,raw,,1024,626.3281679153442,43.508428148925304,51.950580743141465,0.08967538892259265,0.07959142040063952,0.10088743104305253,1.0,1.0,1.0,0.35724999999999996,0.6894080147762459,0.08764845646858917,0.1712535680383877,0.010124142260801099,0.3175320512830713
RPf32_B16,RPf32,16.0,4,2.4466371536254883,1.1464979033917189,1.316554145887494,5.9762770642202675e-05,7.307548685066897e-06,0.00012704739611821527,0.0006589013913092228,8.419025718742037e-05,0.0013996411560676851,0.0007500000000000284,0.023909000138321496,6.973128542766501e-05,0.00010955702649894301,0.0,0.0
PCAf32_B16,PCAf32,16.0,4,2.4466371536254883,1.1458864901214838,1.3176844222471116,0.0006893688530032901,0.0001948004458058651,0.0014067274438098174,0.007559010174187141,0.002251011381166595,0.01492064929223642,0.99925,0.03155645310955882,0.0015892555127776414,0.0004788510462322286,0.0,0.0015967374811600478
RPsq8_B16,RPsq8,16.0,16,2.446793556213379,0.7216800004243851,1.1756253894418478,0.0018511334041085333,0.0014156379061469938,0.002363741147616253,0.020626427312058063,0.015940232627049602,0.02565993445744429,0.0,0.09260143234046332,0.001073506792231615,0.004331930934169325,0.00014796248592465941,0.010437925379697365
PCAsq8_B16,PCAsq8,16.0,16,2.446793556213379,0.762817682698369,0.8964735548943279,0.004190907872745244,0.0031942520587839376,0.005301082338415072,0.04678392905555038,0.03633689596349742,0.0587957385157012,1.0,0.07372049918154477,0.003730508918106519,0.007750538134005397,0.0010916765661238162,0.04835693223453701
PQ_B16,PQ,16.0,1024,3.446676254272461,1.2759484816342592,1.4171350747346878,0.009917612885817401,0.00837654999832326,0.011491554294456491,0.11095027559647783,0.09011915701839186,0.13314045203553496,1.0,0.15446098353406243,0.003286356487977371,0.025179006910436046,0.0012874752590387858,0.08843009045945018
RPf32_B32,RPf32,32.0,8,4.893231391906738,1.1341264471411705,1.2228102656081317,0.00037175817645582085,0.00018914592275873806,0.0006070529952184371,0.004151518823203547,0.0021564644984991563,0.006549868885293675,0.0,0.03849995722453937,0.0006321722297552242,0.00037326025336324525,0.00010984204624899302,0.0005644677035316721
PCAf32_B32,PCAf32,32.0,8,4.893231391906738,1.1352759320288897,1.199464919045567,0.0015130980320018866,0.0008907707156088112,0.0022298234889274867,0.01681975602770362,0.009937200546960632,0.024961026035692793,0.0,0.049717046971293526,0.0028693888248386324,0.001539170152570343,0.00013073511859668533,0.02532844303083778
RPsq8_B32,RPsq8,32.0,32,4.893509864807129,0.9573949500918388,1.4996399404481053,0.006648611726486752,0.0054609667074200586,0.00794695838172572,0.07410512141886207,0.06356220741884248,0.08507803059594632,0.0,0.18079280236214543,0.007342611406482222,0.011704240821935623,0.000898982951042415,0.023309244200401476
PCAsq8_B32,PCAsq8,32.0,32,4.893509864807129,0.9769168682396412,1.468827505595982,0.01179394177433848,0.009631338338796348,0.01405689027387511,0.13175297786916354,0.1089769487235975,0.15550681909615263,0.92725,0.17653795388361446,0.00885301763019576,0.02409235379595169,0.00243645389686799,0.07207792671810008
PQ_B32,PQ,32.0,1024,5.893270492553711,2.1622739732265472,2.313264925032854,0.0219379410143163,0.019354957960000106,0.02466726892323755,0.2454729691829714,0.21167862059823944,0.2826128327397097,1.0,0.2539186880863484,0.008592861857962337,0.055952788399669,0.0012681727853175655,0.08145317143465686
RPf32_B64,RPf32,64.0,16,9.786419868469238,1.0924877133220434,1.3991714688017964,0.0019278846022569064,0.001483475333974229,0.002445658571093322,0.021492301955347883,0.016671849715304814,0.026641626747289024,0.0,0.09386142395544518,0.0012517124098543532,0.004351582878183249,0.00018035851873311753,0.011169171015426417
PCAf32_B64,PCAf32,64.0,16,9.786419868469238,1.0157397482544184,1.476152776740491,0.004172915821976249,0.003209249768408942,0.005263735939195796,0.04661264623386691,0.03641413244052512,0.05826744795123303,0.0,0.07508711322193477,0.0038640490800922918,0.0075044210214565395,0.0011502773643799178,0.049959555819362476
RPsq8_B64,RPsq8,64.0,64,9.786942481994629,1.6086662653833628,2.257507503964007,0.021917734490241227,0.01835102791709096,0.026436866612470106,0.2444386841653026,0.2147853712271693,0.2780454680343804,0.0014999999999999458,0.3658046513566265,0.016963736305287434,0.046656473074472925,0.002132994090963316,0.07614831197357008
PCAsq8_B64,PCAsq8,64.0,64,9.786942481994629,1.619965536519885,2.2337125148624177,0.027395701344806723,0.02404877796511354,0.03091297103406911,0.30588744912935556,0.2696763053215268,0.34546340929433633,0.9975,0.3252901113652195,0.017716523170292,0.060698332164164,0.0037722486999641745,0.14515372661811987
PQ_B64,PQ,64.0,1024,10.786458969116211,3.9551614318042994,4.115078691393137,0.03942581808652377,0.03548606273537226,0.043859805676871394,0.4408197459997159,0.3914885896354434,0.49511077003857534,1.0,0.37866197350718256,0.018182510421889495,0.09674613533297885,0.0033488085047029513,0.14313721847123909
RPf32_B96,RPf32,96.0,24,14.679608345031738,1.1100315023213625,1.7127326456829906,0.004824620333990834,0.00348663261486179,0.006669268436947067,0.053612494934821016,0.040686716290780474,0.06988227766456356,0.0,0.1496830291613327,0.005605581758210896,0.008165214239506486,0.0007030650042551185,0.013400273152991221
PCAf32_B96,PCAf32,96.0,24,14.679608345031738,1.099033048376441,1.7648820765316484,0.0067312383192501,0.005500838530249094,0.008017716266709938,0.07527325658082064,0.06126741617312949,0.09057508857457375,0.0,0.11865824421916123,0.004617792762054399,0.013345246976935938,0.0022306752187599625,0.053959739731353075
RPsq8_B96,RPsq8,96.0,96,14.680375099182129,2.153450855985284,2.4940132163465023,0.03261137287567099,0.028358520498260206,0.037630735602951694,0.36384736235473264,0.33653288430482875,0.39235603622618237,0.0,0.45111038980627755,0.023426599475292322,0.06980998876870309,0.0045975303830175325,0.12159589382924746
PCAsq8_B96,PCAsq8,96.0,96,14.680375099182129,2.2193039767444134,3.982109483331441,0.042521702967020236,0.03824855360345169,0.047035321480729315,0.4750007333690038,0.4286782707256822,0.5234947922144596,0.92275,0.4419834710659958,0.027737110022372582,0.09401885307139043,0.005809145807297677,0.20779114113390215
RPf32_B192,RPf32,192.0,48,29.35917377471924,2.0120060071349144,2.5485724909231067,0.012557293208968109,0.010957147391403303,0.014367444492939174,0.14013837282391722,0.12449016685607499,0.15601902753512295,0.0,0.2293207087464575,0.00759400397936112,0.02816188446821011,0.0019159911793330967,0.04622390069403811
PCAf32_B192,PCAf32,192.0,48,29.35917377471924,1.8341022077947855,2.372138644568622,0.019888105769743057,0.017148965267289734,0.022847449226337253,0.22215594188742563,0.19204161938983602,0.254349801019631,0.0,0.2531434508039093,0.012509817834408805,0.04450844969011514,0.002646049784705226,0.11975731561082592
RPsq8_B192,RPsq8,192.0,192,29.36067295074463,5.34138223156333,9.67436823993921,0.05820680050165344,0.051189234113233145,0.06594938017545708,0.6489063326203273,0.6198454731394601,0.6778001396453842,0.0,0.5492745687594672,0.050303618168888134,0.11708147507097774,0.0072353082650944275,0.22431339086158208
PCAsq8_B192,PCAsq8,192.0,192,29.36067295074463,4.993370734155178,5.44820895884186,0.07082884767474633,0.06376374712418686,0.07922652207067372,0.7908393761931966,0.7438526040189981,0.8380787570203533,1.0,0.6219621258622655,0.05854596239708508,0.14494651733404557,0.008994063293108328,0.2676244290897584
RPf32_B384,RPf32,384.0,96,58.71830463409424,3.8114627823233604,4.348802100867033,0.0326955356315199,0.028427660190380868,0.03776252187800883,0.3647693071569097,0.3371954192365825,0.39361250740216547,0.0,0.45009772803476283,0.02354012493886286,0.06995426266884992,0.004592219286846913,0.12258452737029113
PCAf32_B384,PCAf32,384.0,96,58.71830463409424,3.736669896170497,4.335619718767703,0.04270406795801404,0.03841787130801809,0.047192535705170534,0.47702922139740234,0.430618492773661,0.526449603254058,0.0,0.4431805726299743,0.028490161160436726,0.09381485997185646,0.005807182741748944,0.20646891248369537
RPsq8_B384,RPsq8,384.0,384,58.72126865386963,13.198463013395667,17.71772066131234,0.07573534525655817,0.06707365336543619,0.08551611795864812,0.8443489403481022,0.8180654405601909,0.8702348210120205,0.0,0.6238183539829639,0.07330426359523229,0.14452203322484444,0.009379738949597777,0.2489896658610972
PCAsq8_B384,PCAsq8,384.0,384,58.72126865386963,13.029765337705612,14.958713948726615,0.08746692541361852,0.07714339347193852,0.09927414890931607,0.9756579334309908,0.9398833402652828,1.017376813216112,1.0,0.7767932519322976,0.09393503594811527,0.1589642929852813,0.009501447307459016,0.32541036467527096
RPf32_B768,RPf32,768.0,192,117.43656635284424,8.081255946308374,8.26954913791269,0.05818707783775818,0.05119313720038464,0.06589169042753514,0.648659191911872,0.6197848146645768,0.6773014666409536,0.0,0.549454670205972,0.050281949695344885,0.11707771587588563,0.007201567942044053,0.22381908983393375
PCAf32_B768,PCAf32,768.0,192,117.43656635284424,8.025781251490116,8.359785494394599,0.07101054115680623,0.06395584214424711,0.07939859278061262,0.7928800935850576,0.7452181620503294,0.8417052011229693,0.0,0.6207394605537989,0.05900553202553271,0.1452463136345779,0.008779777810308082,0.2684105372173619
RPsq8_B768,RPsq8,768.0,768,117.44246006011963,22.164015797898173,24.075533449649807,0.08126638301810286,0.07206796915900332,0.09148370174835933,0.9059068977138819,0.8854702775031827,0.9247145895132282,0.0,0.6552568522278953,0.07840621822822842,0.15616858594514674,0.009224344880933417,0.27924892367672455
PCAsq8_B768,PCAsq8,768.0,768,117.44246006011963,21.63171162828803,21.968183247372508,0.09046035021026494,0.07903128141214164,0.10323706248956932,1.0086691617479973,0.9694622475885296,1.053996839837253,0.998,0.8138062681093773,0.10611831711268607,0.15574816675440162,0.009514566763707141,0.329736321534633
RPf32_B1536,RPf32,1536.0,384,234.87308979034424,16.21913001872599,16.554335365071893,0.07560015009851581,0.06698133728954626,0.08536881241789201,0.8428645859904405,0.8163635616142573,0.8692373225223461,0.0,0.622914294549065,0.0729546518365224,0.14449306772456144,0.009352730734463613,0.24865921033016206
PCAf32_B1536,PCAf32,1536.0,384,234.87308979034424,16.426463844254613,16.985706635750798,0.0874277220099457,0.07712487566976076,0.09922547399804414,0.9752248039373155,0.940227125108589,1.0169487811246176,0.0014999999999999458,0.77565557602767,0.09420457199467105,0.15855946062794898,0.009519133407217037,0.3268453626443781
