id,test,estimate,ci_lo,ci_hi,p_one_sided,excluded,p_holm,decision,label
H1a[B=16],PCAf32-RPf32,0.0006296060823610874,0.00012605653073408031,0.0013483876993185917,0.000999750062484379,False,0.005748562859285179,supported,CONFIRMATORY
H1a[B=32],PCAf32-RPf32,0.0011413398555460657,0.0004730848304311987,0.001896130250802456,0.00024993751562109475,False,0.005748562859285179,supported,CONFIRMATORY
H1a[B=64],PCAf32-RPf32,0.002245031219719343,0.0014042634193906834,0.0032071021174333355,0.00024993751562109475,False,0.005748562859285179,supported,CONFIRMATORY
H1a[B=96],PCAf32-RPf32,0.0019066179852592659,6.537495398514168e-05,0.003643767549657906,0.021994501374656337,False,0.043989002749312674,supported,CONFIRMATORY
H1a[B=192],PCAf32-RPf32,0.007330812560774948,0.004900251681991285,0.009767664759030289,0.00024993751562109475,False,0.005748562859285179,supported,CONFIRMATORY
H1a[B=384],PCAf32-RPf32,0.010008532326494145,0.005940775288720897,0.013799076900154118,0.00024993751562109475,False,0.005748562859285179,supported,CONFIRMATORY
H1a[B=768],PCAf32-RPf32,0.012823463319048052,0.00877970679151663,0.01717636698559213,0.00024993751562109475,False,0.005748562859285179,supported,CONFIRMATORY
H1a[B=1536],PCAf32-RPf32,0.011827571911429885,0.008119056176408037,0.016061872705660136,0.00024993751562109475,False,0.005748562859285179,supported,CONFIRMATORY
H1b[B=32],PCAsq8-PCAf32,0.010280843742336593,0.008177266320163367,0.01248071573381657,0.00024993751562109475,False,0.005748562859285179,supported,CONFIRMATORY
H1b[B=64],PCAsq8-PCAf32,0.023222785522830473,0.020147553044520948,0.02640941959164631,0.00024993751562109475,False,0.005748562859285179,supported,CONFIRMATORY
H1b[B=96],PCAsq8-PCAf32,0.03579046464777014,0.031961375952820316,0.03980150253198128,0.00024993751562109475,False,0.005748562859285179,supported,CONFIRMATORY
H1b[B=192],PCAsq8-PCAf32,0.05094074190500327,0.04504530084947966,0.0576477188646295,0.00024993751562109475,False,0.005748562859285179,supported,CONFIRMATORY
H1b[B=384],PCAsq8-PCAf32,0.044762857455604474,0.03621249210546136,0.05439582181114463,0.00024993751562109475,False,0.005748562859285179,supported,CONFIRMATORY
H1b[B=768],PCAsq8-PCAf32,0.019449809053458708,0.01286825833018851,0.02660548991065546,0.00024993751562109475,False,0.005748562859285179,supported,CONFIRMATORY
H3a[contractnli>cuad],id_share diff,0.5740965538021928,0.5103797313305115,0.634125632196933,0.00024993751562109475,False,0.005748562859285179,supported,CONFIRMATORY
H3a[contractnli>maud],id_share diff,-0.015973009485871967,-0.08427104871043362,0.05252098974925581,0.6803299175206199,False,0.6803299175206199,not supported,CONFIRMATORY
H3a[contractnli>privacy_qa],id_share diff,0.6377810893599418,0.4211540344186732,0.8507952930910773,0.00024993751562109475,True,,excluded(few clusters),CONFIRMATORY
H3b[contractnli],id_share(d=48)-raw,0.14044208745857611,0.09568799854978893,0.18896761929243738,0.00024993751562109475,False,0.005748562859285179,supported,CONFIRMATORY
H3b[cuad],id_share(d=48)-raw,0.5701709112983113,0.5385563805553896,0.6003179068903213,0.00024993751562109475,False,0.005748562859285179,supported,CONFIRMATORY
H3b[maud],id_share(d=48)-raw,0.0942911954597346,0.05652854697339016,0.13614607452634753,0.00024993751562109475,False,0.005748562859285179,supported,CONFIRMATORY
H3b[privacy_qa],id_share(d=48)-raw,0.6359582118228866,0.48937039837631324,0.7916083195608064,0.00024993751562109475,True,,excluded(few clusters),CONFIRMATORY
H4[contractnli],xsrc_top1(RPf32 d=48)-raw,0.39592020589444626,0.35542101186545544,0.43658680206022354,0.00024993751562109475,False,0.005748562859285179,supported,CONFIRMATORY
H4[cuad],xsrc_top1(RPf32 d=48)-raw,0.3338441619969861,0.321213399000901,0.3470991270126777,0.00024993751562109475,False,0.005748562859285179,supported,CONFIRMATORY
H4[maud],xsrc_top1(RPf32 d=48)-raw,0.20835136025636433,0.1941347868739398,0.22347302460992588,0.00024993751562109475,False,0.005748562859285179,supported,CONFIRMATORY
H4[privacy_qa],xsrc_top1(RPf32 d=48)-raw,0.7177479008508074,0.6238316213131496,0.8115264797507789,0.00024993751562109475,True,,excluded(few clusters),CONFIRMATORY
H5,twostage_bm25_k3-global macro,0.09158908794451437,0.07900301839213694,0.1039301284916684,0.00024993751562109475,False,0.005748562859285179,supported,CONFIRMATORY
H2b,upper CI of delta_R2 < thr,0.0038947904214672313,0.0006912382025177993,0.010691152759539848,,False,,supported,CONFIRMATORY
