zbin,src,mean,count
"(-0.001, 0.0122]",contractnli,0.8958333333333334,16
"(-0.001, 0.0122]",cuad,0.7882599580712789,159
"(-0.001, 0.0122]",maud,0.8888888888888888,9
"(0.0122, 0.0248]",contractnli,0.8777777777777779,30
"(0.0122, 0.0248]",cuad,0.7641723356009071,147
"(0.0122, 0.0248]",maud,0.5714285714285714,7
"(0.0248, 0.041]",contractnli,0.7931034482758621,29
"(0.0248, 0.041]",cuad,0.7602739726027398,146
"(0.0248, 0.041]",maud,0.8148148148148149,9
"(0.041, 0.059]",contractnli,0.7564102564102565,26
"(0.041, 0.059]",cuad,0.7397260273972602,146
"(0.041, 0.059]",maud,0.8333333333333334,12
"(0.059, 0.0831]",contractnli,0.7586206896551724,29
"(0.059, 0.0831]",cuad,0.6550925925925927,144
"(0.059, 0.0831]",maud,0.7272727272727273,11
"(0.0831, 0.112]",contractnli,0.7051282051282052,26
"(0.0831, 0.112]",cuad,0.6620689655172414,145
"(0.0831, 0.112]",maud,0.7435897435897437,13
"(0.112, 0.147]",contractnli,0.6774193548387096,31
"(0.112, 0.147]",cuad,0.5962441314553991,142
"(0.112, 0.147]",maud,0.5454545454545454,11
"(0.147, 0.2]",contractnli,0.5507246376811594,23
"(0.147, 0.2]",cuad,0.47427293064876963,149
"(0.147, 0.2]",maud,0.5277777777777778,12
"(0.2, 0.288]",contractnli,0.4074074074074074,27
"(0.2, 0.288]",cuad,0.2916666666666667,144
"(0.2, 0.288]",maud,0.358974358974359,13
"(0.288, 1.611]",contractnli,0.05797101449275363,23
"(0.288, 1.611]",cuad,0.08219178082191782,146
"(0.288, 1.611]",maud,0.08888888888888889,15
