rep,mode,contractnli,cuad,maud,privacy_qa,macro
raw,global,0.08764845646858917,0.1712535680383877,0.010124142260801099,0.3175320512830713,0.08967538892259265
raw,typed,0.12074393287110367,0.17425147753984613,0.010143575962420472,0.31806985505716273,0.1017129954577901
raw,oracle,0.5596784706163134,0.2343235452714493,0.07229270155177882,0.4008648369757449,0.2887649058131805
raw,ts_dense_k1,0.12095297450050228,0.22456729001881282,0.02154235836958755,0.35897471483159665,0.12235420762963423
raw,ts_dense_k3,0.11544746699204939,0.1908509218196518,0.017328099529978058,0.3242705986800885,0.10787549611389308
raw,ts_dense_k5,0.10702979753952072,0.17932776110581441,0.01457710709254608,0.3159171449319658,0.1003115552459604
raw,ts_bm25_k1,0.358170381415823,0.22841824053939339,0.07164761960971651,0.2745128249766283,0.21941208052164432
raw,ts_bm25_k3,0.2897674687796594,0.20699161270223143,0.046941470373725716,0.2909330908481312,0.18123351728520554
raw,ts_bm25_k5,0.252619446125002,0.20142983339426304,0.036703770998592136,0.27856434632768234,0.16358435017261905
raw,ts_rrf_k1,0.23158956075477968,0.22875813219591623,0.03680009405788373,0.3121972201986513,0.1657159290028599
raw,ts_rrf_k3,0.18610841521218416,0.1959614620329883,0.02700470664620721,0.30441067984649733,0.1363581946304599
raw,ts_rrf_k5,0.1636669693498701,0.1867496419370792,0.02140786683747749,0.2979917216688767,0.12394149270814227
raw,xsrc,0.39201637666325484,0.011155180961824492,0.002986857825567503,0.0,0.13538613848354894
PCAsq8_B192,global,0.05854596239708508,0.14494651733404557,0.008994063293108328,0.2676244290897584,0.07082884767474633
PCAsq8_B192,typed,0.0920874779989552,0.14617382262617387,0.00914005040474863,0.27012079990782034,0.08246711700995923
PCAsq8_B192,oracle,0.5851203190993041,0.24522836028976555,0.07866415728664253,0.36000477872386577,0.30300427889190407
PCAsq8_B192,ts_dense_k1,0.08207351398224672,0.21624795302053804,0.011670722912377704,0.32663198672274046,0.10333072997172081
PCAsq8_B192,ts_dense_k3,0.07850171978058956,0.17233576381305082,0.010694791831203098,0.280106065283466,0.08717742514161449
PCAsq8_B192,ts_dense_k5,0.07470854901902492,0.15634287713964132,0.0102207985194501,0.27118163927511546,0.08042407489270545
PCAsq8_B192,ts_bm25_k1,0.3793259600515899,0.23984396355745852,0.07795788519586752,0.2550981822504033,0.23237593626830533
PCAsq8_B192,ts_bm25_k3,0.2901941507022459,0.20919590009846356,0.048633705498833855,0.2607102876035962,0.18267458543318113
PCAsq8_B192,ts_bm25_k5,0.24404418164596328,0.19993983538717083,0.03806515740822305,0.25669084337205733,0.16068305814711906
PCAsq8_B192,ts_rrf_k1,0.20769715738546551,0.2375653413322635,0.030487667725398,0.2828126394786181,0.1585833888143757
PCAsq8_B192,ts_rrf_k3,0.17155882029059896,0.18615615880998307,0.02210538850584617,0.2669298811868382,0.12660678920214272
PCAsq8_B192,ts_rrf_k5,0.14482759916875307,0.17402309281762582,0.019443608854273285,0.2607043771775466,0.11276476694688405
PCAsq8_B192,xsrc,0.5353121801432958,0.014873574615765989,0.034050179211469536,0.0,0.19474531132351047
