model,config,contractnli,cuad,maud,worst,worst_ci_lo
A,sq8_B96,0.473,0.554,0.626,0.473,0.352
A,sq8_B192,0.776,0.814,0.823,0.776,0.676
A,sq8_B384,1.028,0.923,0.909,0.909,0.779
A,sq8_B768,1.069,0.928,0.953,0.928,0.83
A,sq4_B96,0.742,0.802,0.774,0.742,0.641
A,sq4_B192,1.0,0.907,0.912,0.907,0.787
A,sq4_B384,1.043,0.91,0.93,0.91,0.805
A,pq_m32,0.116,0.56,0.418,0.116,0.071
A,pq_m64,0.385,0.824,0.681,0.385,0.296
A,pq_m128,0.73,0.939,0.879,0.73,0.649
A,pq_m256,0.917,0.993,0.998,0.917,0.876
A,sq4m_m32,0.319,0.403,0.515,0.319,0.232
A,sq4m_m64,0.583,0.695,0.731,0.583,0.467
A,sq4m_m128,0.898,0.873,0.852,0.852,0.733
A,sq4m_m256,1.036,0.91,0.934,0.91,0.81
