B,contrast,diff,lo,hi
16,sq8-f32,0.1049,0.097,0.113
16,fp16-f32,0.0599,0.0536,0.066
16,sq4-sq8,0.0248,0.0198,0.0298
32,sq8-f32,0.0773,0.07,0.0846
32,fp16-f32,0.0449,0.0388,0.0507
32,sq4-sq8,0.0348,0.0309,0.0385
64,sq8-f32,0.0726,0.0669,0.0787
64,fp16-f32,0.0324,0.0273,0.0375
64,sq4-sq8,0.0158,0.0128,0.0186
96,sq8-f32,0.0805,0.0754,0.0856
96,fp16-f32,0.0501,0.0459,0.0541
96,sq4-sq8,0.0057,0.0028,0.0085
192,sq8-f32,0.04,0.0358,0.0443
192,fp16-f32,0.0305,0.0271,0.0338
192,sq4-sq8,0.0053,0.003,0.0077
384,sq8-f32,0.0181,0.0144,0.0217
384,fp16-f32,0.0099,0.0068,0.0128
384,sq4-sq8,-0.001,-0.0029,0.001
768,sq8-f32,0.0118,0.0091,0.0146
768,fp16-f32,0.0084,0.0059,0.011
