B,contrast,res
16,trunc-pca|f32,"+0.0002 [-0.0001,+0.0004]"
16,trunc-pca|sq8,"-0.0006 [-0.0013,+0.0001]"
16,trunc-pca|sq4,"+0.0028 [+0.0011,+0.0046]"
16,trunc_sq8-trunc_f32,"+0.0007 [+0.0004,+0.0011]"
16,pca_sq8-pca_f32,"+0.0015 [+0.0009,+0.0021]"
32,trunc-pca|f32,"-0.0000 [-0.0003,+0.0002]"
32,trunc-pca|sq8,"+0.0033 [+0.0015,+0.0051]"
32,trunc-pca|sq4,"+0.0122 [+0.0084,+0.0164]"
32,trunc_sq8-trunc_f32,"+0.0087 [+0.0069,+0.0107]"
32,pca_sq8-pca_f32,"+0.0054 [+0.0039,+0.0070]"
64,trunc-pca|f32,"-0.0006 [-0.0013,+0.0001]"
64,trunc-pca|sq8,"+0.0135 [+0.0097,+0.0177]"
64,trunc-pca|sq4,"+0.0230 [+0.0181,+0.0285]"
64,trunc_sq8-trunc_f32,"+0.0276 [+0.0232,+0.0326]"
64,pca_sq8-pca_f32,"+0.0135 [+0.0107,+0.0170]"
96,trunc-pca|f32,"+0.0016 [+0.0000,+0.0032]"
96,trunc-pca|sq8,"+0.0232 [+0.0178,+0.0294]"
96,trunc-pca|sq4,"+0.0192 [+0.0149,+0.0242]"
96,trunc_sq8-trunc_f32,"+0.0435 [+0.0364,+0.0516]"
96,pca_sq8-pca_f32,"+0.0218 [+0.0183,+0.0262]"
192,trunc-pca|f32,"+0.0101 [+0.0072,+0.0131]"
192,trunc-pca|sq8,"+0.0187 [+0.0147,+0.0235]"
192,trunc-pca|sq4,"+0.0090 [+0.0061,+0.0124]"
192,trunc_sq8-trunc_f32,"+0.0502 [+0.0426,+0.0591]"
192,pca_sq8-pca_f32,"+0.0416 [+0.0353,+0.0494]"
384,trunc-pca|f32,"+0.0231 [+0.0177,+0.0294]"
384,trunc-pca|sq8,"+0.0090 [+0.0062,+0.0126]"
384,trunc-pca|sq4,"+0.0089 [+0.0062,+0.0121]"
384,trunc_sq8-trunc_f32,"+0.0279 [+0.0222,+0.0352]"
384,pca_sq8-pca_f32,"+0.0420 [+0.0341,+0.0515]"
768,trunc-pca|f32,"+0.0185 [+0.0145,+0.0235]"
768,trunc-pca|sq8,"+0.0081 [+0.0058,+0.0108]"
768,trunc_sq8-trunc_f32,"+0.0067 [+0.0036,+0.0105]"
768,pca_sq8-pca_f32,"+0.0171 [+0.0120,+0.0232]"
