model,config,hit5,hit10,cov10,hit10_ret,hit10_contractnli,hit10_cuad,hit10_maud,hit10-raw
M,raw,0.1458160352852844,0.1959360359210955,0.1131717235239131,1.0,0.19651995905834185,0.3512642538423401,0.04002389486260454,
M,f32_B64,0.003792523551556397,0.004900588077557708,0.0025894166287171003,0.025011162722161025,0.0020470829068577278,0.009667823500247892,0.002986857825567503,"-0.1910 [-0.2118,-0.1729]"
M,sq8_B64,0.02969066939133952,0.044210575343088566,0.021947972899069457,0.2256377962086178,0.028659160696008188,0.090233019335647,0.013739545997610514,"-0.1517 [-0.1706,-0.1344]"
M,sq4_B64,0.06684820380045496,0.09632955906389733,0.05046037111027935,0.491637786847386,0.07164790174002048,0.19583539910758552,0.021505376344086023,"-0.0996 [-0.1160,-0.0850]"
M,f32_B96,0.006994081605888881,0.010373450307007336,0.004940144965275285,0.05294304469436536,0.008188331627430911,0.01636093207734259,0.006571087216248507,"-0.1856 [-0.2063,-0.1674]"
M,sq8_B96,0.05292756151630427,0.07263641934072428,0.03648759024272661,0.3707149580691494,0.04708290685772774,0.1517104610808131,0.019115890083632018,"-0.1233 [-0.1421,-0.1067]"
M,sq4_B96,0.09810202297395425,0.13404923787911555,0.07226776887995641,0.6841479529222377,0.11361310133060389,0.2550818046603867,0.03345280764635603,"-0.0619 [-0.0747,-0.0499]"
M,f32_B128,0.012276321052773364,0.01753299675516964,0.007954412904768124,0.08948326770390655,0.01330603889457523,0.03272186415468518,0.006571087216248507,"-0.1784 [-0.1986,-0.1611]"
M,sq8_B128,0.07292551289627254,0.10102488064769599,0.05251036258653275,0.5156013296521894,0.07778915046059365,0.20079325731284084,0.024492234169653525,"-0.0949 [-0.1109,-0.0812]"
M,sq4_B128,0.10992422518275423,0.15716515690337715,0.08747812011224661,0.8021248167267628,0.15455475946775846,0.2840852751611304,0.032855436081242535,"-0.0388 [-0.0479,-0.0307]"
M,f32_B192,0.019577457799107495,0.029618228694111234,0.014045532663929147,0.15116274326402446,0.016376663254861822,0.06172533465542886,0.010752688172043012,"-0.1663 [-0.1859,-0.1485]"
M,sq8_B192,0.09774829378286719,0.1389545428241762,0.07579846886640239,0.7091831891512491,0.11975435005117707,0.26425384234010907,0.032855436081242535,"-0.0570 [-0.0691,-0.0458]"
M,sq4_B192,0.12509644814321472,0.17490933311151044,0.09968548158197803,0.8926858823557468,0.1842374616171955,0.3076351016360932,0.032855436081242535,"-0.0210 [-0.0279,-0.0145]"
M,f32_B384,0.05330260391564321,0.07307088739941409,0.036705840764163854,0.37293235547972464,0.04912998976458546,0.15096678235002478,0.019115890083632018,"-0.1229 [-0.1412,-0.1065]"
M,sq8_B384,0.1260347367636361,0.17617011087107612,0.10199612938761658,0.8991205218728665,0.1862845445240532,0.30937035200793256,0.032855436081242535,"-0.0198 [-0.0270,-0.0133]"
M,sq4_B384,0.12706279218246969,0.17701112481021605,0.10274802518692415,0.9034128100943074,0.18730808597748208,0.307882994546356,0.035842293906810034,"-0.0189 [-0.0260,-0.0122]"
M,pq_m64,0.08391921612289159,0.11476031302756774,0.060483582843682916,0.5857029437595763,0.07164790174002048,0.24814080317302925,0.024492234169653525,"-0.0812 [-0.0978,-0.0659]"
M,pq_m128,0.12382072949363493,0.171384089826332,0.09582122474711491,0.8746940756490005,0.15660184237461616,0.32350024789291026,0.034050179211469536,"-0.0246 [-0.0319,-0.0179]"
