rep,name,lat_med,lat_p95,load1
0,raw,44.14179897867143,48.13685459084808,28.8984375
0,PQ_B16,1.2654324527829885,1.3747865799814463,28.8984375
0,PCAsq8_B23,6.320866988971829,6.489129224792123,28.8984375
0,PQ_B32,1.98378786444664,2.209005318582058,28.8984375
0,PCAsq8_B39,10.647643823176622,10.77383691444993,28.8984375
0,PQ_B64,3.9415268693119287,4.127965844236314,28.8984375
0,PCAsq8_B71,20.311375614255667,25.1289288047701,28.8984375
0,PQ_B128,10.26142155751586,10.419311071746051,28.8984375
0,PCAsq8_B135,36.5627349819988,37.176325055770576,28.8984375
0,PQ_B256,26.44279063679278,35.33780297730118,28.8984375
0,PCAsq8_B263,72.82873964868486,87.54302833694959,28.8984375
0,PQ_B512,62.32702312991023,73.25444850139314,28.8984375
0,PCAsq8_B519,142.7802531979978,179.35649957507846,28.8984375
1,raw,44.633285608142614,51.23141224030405,9.64794921875
1,PQ_B16,1.265655504539609,1.3783885864540932,9.64794921875
1,PCAsq8_B23,6.324709160253406,6.639751768670976,9.64794921875
1,PQ_B32,1.9875585567206144,2.1567611722275615,9.64794921875
1,PCAsq8_B39,10.670432122424245,10.971122793853283,9.64794921875
1,PQ_B64,3.945891512557864,4.1318395640701056,9.64794921875
1,PCAsq8_B71,20.304172299802303,21.053313370793994,9.64794921875
1,PQ_B128,10.269853519275784,14.852299354970455,9.64794921875
1,PCAsq8_B135,36.62431635893881,46.45445446949452,9.64794921875
1,PQ_B256,26.449844473972917,36.32221769075839,9.64794921875
1,PCAsq8_B263,72.98626704141498,101.55676216818392,9.64794921875
1,PQ_B512,61.833589570596814,76.31332324817775,9.64794921875
1,PCAsq8_B519,142.92913163080812,175.56170949246734,9.64794921875
2,raw,43.59814105555415,46.27224551513791,7.14697265625
2,PQ_B16,1.2653388548642397,1.3723087031394243,7.14697265625
2,PCAsq8_B23,6.320616928860545,6.6502244444563985,7.14697265625
2,PQ_B32,1.982454676181078,2.145114284940064,7.14697265625
2,PCAsq8_B39,10.676086181774735,10.94122331123799,7.14697265625
2,PQ_B64,3.9374851621687412,5.6430299533530945,7.14697265625
2,PCAsq8_B71,20.323915407061577,27.248363127000626,7.14697265625
2,PQ_B128,10.29763137921691,14.977004192769527,7.14697265625
2,PCAsq8_B135,36.58231208100915,51.19103055913001,7.14697265625
2,PQ_B256,26.759903179481626,31.405883235856887,7.14697265625
2,PCAsq8_B263,73.44640442170203,92.86028984934087,7.14697265625
2,PQ_B512,63.15184012055397,81.31054257974027,7.14697265625
2,PCAsq8_B519,142.82398438081145,181.31143699865785,7.14697265625
3,raw,43.735331390053034,45.95647077076137,4.87548828125
3,PQ_B16,1.2652480509132147,1.3689173851162193,4.87548828125
3,PCAsq8_B23,6.337511353194714,6.6831356612965465,4.87548828125
3,PQ_B32,1.9839685410261154,4.400055902078746,4.87548828125
3,PCAsq8_B39,10.719497222453356,15.53306793794036,4.87548828125
3,PQ_B64,3.938194364309311,4.124034498818219,4.87548828125
3,PCAsq8_B71,20.371230551972985,20.97082738764584,4.87548828125
3,PQ_B128,10.236921021714807,10.333739570342004,4.87548828125
3,PCAsq8_B135,36.62257804535329,37.5429947394877,4.87548828125
3,PQ_B256,26.413184124976397,31.048697791993604,4.87548828125
3,PCAsq8_B263,72.8415756020695,73.74976673163474,4.87548828125
3,PQ_B512,62.01319536194205,74.58328204229471,4.87548828125
3,PCAsq8_B519,142.7358235232532,152.94064136687658,4.87548828125
4,raw,43.532177340239286,48.27636592090129,3.96630859375
4,PQ_B16,1.2653828598558903,1.3843420427292583,3.96630859375
4,PCAsq8_B23,6.374202435836196,11.238358682021499,3.96630859375
4,PQ_B32,1.989081036299467,2.2316124755889173,3.96630859375
4,PCAsq8_B39,10.69204742088914,15.509630460292101,3.96630859375
4,PQ_B64,3.9630769751966,5.067391786724322,3.96630859375
4,PCAsq8_B71,20.332868676632643,29.740754514932632,3.96630859375
4,PQ_B128,10.301409987732768,10.666012298315763,3.96630859375
4,PCAsq8_B135,36.60538932308555,51.21410365682095,3.96630859375
4,PQ_B256,26.454829145222902,31.0835640411824,3.96630859375
4,PCAsq8_B263,72.77377787977457,82.57189816795287,3.96630859375
4,PQ_B512,62.08041193895042,76.32504748180509,3.96630859375
4,PCAsq8_B519,143.22444214485586,201.57010548282415,3.96630859375
5,raw,44.65786414220929,48.12534060329199,3.8857421875
5,PQ_B16,1.2735521886497736,3.1802979530766606,3.8857421875
5,PCAsq8_B23,6.325861904770136,8.324534143321214,3.8857421875
5,PQ_B32,2.0783229265362024,5.112966289743781,3.8857421875
5,PCAsq8_B39,10.68195654079318,15.504115843214095,3.8857421875
5,PQ_B64,3.9753082673996687,8.175818994641304,3.8857421875
5,PCAsq8_B71,20.313122309744358,25.124296592548486,3.8857421875
5,PQ_B128,10.256079956889153,10.662091942504048,3.8857421875
5,PCAsq8_B135,36.61574935540557,51.13450086209923,3.8857421875
5,PQ_B256,26.465152157470584,35.556082520633936,3.8857421875
5,PCAsq8_B263,72.8836222551763,87.93206010013812,3.8857421875
5,PQ_B512,62.05076491460204,78.1746217049658,3.8857421875
5,PCAsq8_B519,142.61430501937866,166.1107106367126,3.8857421875
6,raw,43.606508523225784,50.40789335034788,3.7236328125
6,PQ_B16,1.2657174374908209,1.4451392693445086,3.7236328125
6,PCAsq8_B23,6.31247996352613,6.530092121101916,3.7236328125
6,PQ_B32,1.9833175465464592,2.1677592303603888,3.7236328125
6,PCAsq8_B39,10.673055425286293,15.54675584193319,3.7236328125
6,PQ_B64,3.9420148823410273,4.126167041249573,3.7236328125
6,PCAsq8_B71,20.310711348429322,26.950458623468872,3.7236328125
6,PQ_B128,10.248731356114149,10.586004611104725,3.7236328125
6,PCAsq8_B135,36.57426405698061,51.22081518638879,3.7236328125
6,PQ_B256,26.403134455904365,27.362797548994422,3.7236328125
6,PCAsq8_B263,72.76987540535629,86.44245378673075,3.7236328125
6,PQ_B512,61.89768249168992,82.40021672099829,3.7236328125
6,PCAsq8_B519,142.76880188845098,161.96512579917908,3.7236328125
