name,median,min,max,mem_mib
raw,43.735331390053034,43.532177340239286,44.65786414220929,626.3281679153442
PQ_B16,1.2654324527829885,1.2652480509132147,1.2735521886497736,3.446676254272461
PCAsq8_B23,6.324709160253406,6.31247996352613,6.374202435836196,3.5172319412231445
PQ_B32,1.9839685410261154,1.982454676181078,2.0783229265362024,5.893270492553711
PCAsq8_B39,10.676086181774735,10.647643823176622,10.719497222453356,5.9639482498168945
PQ_B64,3.9420148823410273,3.9374851621687412,3.9753082673996687,10.786458969116211
PCAsq8_B71,20.313122309744358,20.304172299802303,20.371230551972985,10.857380867004395
PQ_B128,10.26142155751586,10.236921021714807,10.301409987732768,20.57283592224121
PCAsq8_B135,36.60538932308555,36.5627349819988,36.62431635893881,20.644246101379395
PQ_B256,26.449844473972917,26.403134455904365,26.759903179481626,40.14558982849121
PCAsq8_B263,72.8415756020695,72.76987540535629,73.44640442170203,40.217976570129395
PQ_B512,62.05076491460204,61.833589570596814,63.15184012055397,79.29109764099121
PCAsq8_B519,142.7802531979978,142.61430501937866,143.22444214485586,79.3654375076294
