model,m,kind,d_adj,PQ_ret,SC_ret,PQ-SC
B,16,sq4,42,0.1153,0.1643,"-0.0044 [-0.0067,-0.0023]"
B,16,sq8,21,0.1153,0.0823,"+0.0030 [+0.0011,+0.0047]"
B,32,sq4,73,0.2334,0.3313,"-0.0088 [-0.0123,-0.0056]"
B,32,sq8,37,0.2334,0.1624,"+0.0064 [+0.0039,+0.0086]"
B,64,sq4,134,0.4483,0.6036,"-0.0139 [-0.0175,-0.0106]"
B,64,sq8,68,0.4483,0.3279,"+0.0108 [+0.0075,+0.0141]"
B,128,sq4,255,0.7356,0.8777,"-0.0127 [-0.0185,-0.0082]"
B,128,sq8,131,0.7356,0.6212,"+0.0103 [+0.0062,+0.0144]"
B,256,sq4,499,0.9336,0.985,"-0.0046 [-0.0096,-0.0001]"
B,256,sq8,255,0.9336,0.9071,"+0.0024 [-0.0022,+0.0071]"
