B,fmt,n_seeds,ret_mean,ret_std
16,f32,5,0.008113606911298064,0.0019322560622273982
16,fp16,5,0.015270451068713891,0.0010752376913303755
16,sq4,5,0.11464882847467028,0.0024751184441705403
16,sq8,5,0.049137398215134395,0.0013696951226734087
32,f32,5,0.015164224058858056,0.0009738830145660883
32,fp16,5,0.04950204093187298,0.001371106330249565
32,sq4,5,0.2921576149527739,0.005255499139260721
32,sq8,5,0.1311943989756781,0.002051986738444685
64,f32,5,0.04926939437595957,0.0010823681339115017
64,fp16,5,0.13030061230954298,0.0018219957742741481
64,sq4,5,0.5738780611395948,0.005874925911440974
64,sq8,5,0.304272903119937,0.0029063816667804954
96,f32,5,0.07532193629664793,0.003080017958683315
96,fp16,5,0.22099587105944796,0.002082292380430911
96,sq4,5,0.7670952955153489,0.0078012452661965215
96,sq8,5,0.4772161064302908,0.0033557368540428493
192,f32,5,0.22099674663799668,0.0020348272260866983
192,fp16,5,0.4775889123654431,0.0039637769097391725
192,sq4,5,0.9628611035818748,0.006144813793703043
192,sq8,5,0.7930093804525249,0.00255451989990031
384,f32,5,0.4774459500953355,0.00427915067331197
384,fp16,5,0.7938709317745407,0.0035762840955315582
384,sq4,5,0.9882138282707752,0.0041254075222798454
384,sq8,5,0.9762045261507251,0.0017915744028221363
768,f32,5,0.7938999040988961,0.00355704640434368
768,fp16,5,0.975401274382382,0.0017212447904024944
768,sq8,5,1.0076192513784203,0.0012436560950475951
