j,lambda,kappa_j
1,0.016114663376364195,5.878272751663168
2,0.013119690375190233,6.649879088466984
3,0.010882005667720629,6.70515476030103
4,0.009240748642309936,6.806768483311792
5,0.008503177976878573,7.338001344278811
6,0.008148808517433123,8.204408112355479
7,0.006921036104221397,7.760599280427557
8,0.006612657083611992,7.559026291654875
9,0.006353207247947793,8.25994010823432
10,0.0060617193401398825,8.235728038690956
11,0.005747308894039625,8.1288162997549
12,0.005612725912438703,8.577864133063384
13,0.005011440160671071,8.232121707328062
14,0.004658075064917115,8.715655043525382
15,0.00439298752578579,7.883252668488224
16,0.004110484800362993,7.988497573731036
17,0.0040222870228555675,7.861252740002822
18,0.003897252173866726,7.836279806203855
19,0.0038168244015615023,9.276462255891317
20,0.0037054521546759,8.140456382094776
21,0.003560611424724139,8.571890155589266
22,0.003417366487149456,8.768696866611
23,0.003290065564770866,8.97263767171524
24,0.003214747752590502,8.25400585184525
25,0.003144047293480182,8.802249986695966
26,0.003026043716234261,9.080770837658864
27,0.0029871693731539214,9.129880100552763
28,0.0029111923888831244,8.584691435246398
29,0.002806643514030867,8.817995908580372
30,0.0027519628317847953,8.159063471735921
31,0.0026841596217998006,8.668251868596439
32,0.00261267377514169,8.718492970937172
33,0.002554832097182704,8.427984414259571
34,0.0024623921581851337,9.44915773545585
35,0.00243147653991619,9.514028601080614
36,0.0023402566903548377,8.946378660305005
37,0.0022729646251657596,8.960293065093076
38,0.0022239852930397786,8.728111325339855
39,0.002149288733970733,8.945190964794413
40,0.0021299000566177765,8.201343391431337
41,0.0021036002361936833,9.689003152688702
42,0.0020911506057539175,10.252166504780673
43,0.0020620843759832086,8.36452763040747
44,0.001980759449866846,8.70157831308842
45,0.0019336712729529004,8.851387594512216
46,0.001924723204908139,8.53708300936895
47,0.0019092243831210938,8.975836055370372
48,0.0018966834258744643,9.072428433467113
49,0.0018572748607242346,8.593918242556656
50,0.0018402449746176984,8.459183077911044
51,0.001813716953019372,9.298133854951605
52,0.0017902294891610003,8.456743075433117
53,0.001779397307224381,9.290963670295687
54,0.0017283975151110096,10.516977758580655
55,0.0017200993476541742,8.972772762367118
56,0.00168130408769457,8.822308050221164
57,0.0016570733913754757,10.655104132402737
58,0.0016378518040239159,9.849587812693132
59,0.0016254681871502043,8.287450578272038
60,0.0015996097795605727,8.932793126866809
61,0.0015934847744054068,8.878185200951334
62,0.001575472604115466,8.752757355890978
63,0.0015339243529071526,8.831818787885803
64,0.0015242941744270599,9.499365032171482
65,0.0015067769872943184,9.410616386627735
66,0.0014813839362959028,8.718463565727081
67,0.001467100155559436,8.866969235240107
68,0.001463230996812333,9.68557101512187
69,0.001438696178548869,8.841495094904076
70,0.0014140039400672235,8.621763207405909
71,0.0014007467609974992,8.738660930185924
72,0.0013833094213324484,8.639919767884356
73,0.0013714516295051835,8.77593026018397
74,0.0013552088951952076,9.153200463411258
75,0.0013367421048440138,8.740952812414019
76,0.0013244922627534482,9.139409653612176
77,0.0013171464005701846,9.52059498634659
78,0.00129642188943545,8.909500891444145
79,0.0012786292105688563,9.361685303452518
80,0.001269899962826903,8.857691190504738
81,0.001256576625881733,9.641389094997486
82,0.0012430318599670673,9.391902470739108
83,0.001234132685065641,9.529879102931915
84,0.0012221030566847428,9.561631192804922
85,0.001217603254953191,9.05537310484355
86,0.0012077050447788396,8.648845773771784
87,0.001191020000355573,10.665372896921415
88,0.0011788733404115542,9.511144254700138
89,0.0011720048295624612,9.194141552436749
90,0.0011519863352777266,9.287533800498478
91,0.001138532266098362,10.391255677815172
92,0.0011320634688099151,9.627030016420472
93,0.001119863468695839,9.310186710201048
94,0.0011148802311697192,9.14695189846992
95,0.0010996330103973237,9.050587853616884
96,0.0010976913240470932,8.841627860931194
97,0.0010849882127772583,8.97881858143447
98,0.001082519602817812,9.089402238251612
99,0.0010611361833821802,9.210028002034905
100,0.001053468060732626,9.61674420843488
101,0.0010469936322857606,9.513160471050744
102,0.0010202618690990882,9.726583368913087
103,0.0010114999333617916,8.966028880228572
104,0.0010080563629531816,9.925670103617714
105,0.0009990809700419604,8.997315405821299
106,0.0009883832145194701,9.157680992396267
107,0.0009820043049414515,9.546315463792126
108,0.0009792802659883515,9.296478624036297
109,0.0009634497514212065,8.914463112066406
110,0.0009545199845364835,10.09317864309279
111,0.0009499821252000645,9.056792613884857
112,0.0009378274999867016,9.05368894504661
113,0.0009305552332255568,11.066051138314274
114,0.0009171527637815694,9.223923601809465
115,0.0009118645082615141,9.845420412379099
116,0.0009025421339251522,9.551358687424742
117,0.0008999693629991766,9.389138035040554
118,0.0008891387889338648,9.965599111552152
119,0.0008854942615706544,9.281596114015546
120,0.000882814698445652,10.285360269756696
121,0.000874271629958203,9.534628806630579
122,0.0008687179948423481,10.046365396793247
123,0.0008547931081070925,9.557347473475149
124,0.0008496055474331223,9.703141927075487
125,0.000844856895384868,9.492022787432349
126,0.000836078593720291,9.538995489201167
127,0.0008299314286903855,9.578901627555622
128,0.0008214641420988486,9.191422544597843
129,0.0008147563083984868,9.252975518827874
130,0.0008068343002120287,9.121309979963803
131,0.0007995458291441156,8.870126508217828
132,0.0007934708471661336,9.742050557485868
133,0.0007870028261481185,9.171783241084258
134,0.0007824605108134402,10.182526465393847
135,0.0007796561263614631,9.016705248319278
136,0.0007752779554067254,9.875491658515985
137,0.0007679439941135281,9.458201208565285
138,0.0007650474526524942,10.05711166950504
139,0.0007599974269384247,10.766691247990565
140,0.0007563970552994909,10.897069748514287
141,0.0007512933216607272,8.782563614588177
142,0.0007465547191560214,9.922188434785935
143,0.000733461593074438,10.84141669253048
144,0.0007248608252790112,9.787050066187478
145,0.0007220911787252867,9.69075365858106
146,0.0007173753327220233,9.901257740705152
147,0.0007131855098100672,9.614543041505526
148,0.0007087502763915608,8.91387557329008
149,0.0007051697978538502,10.651839393548896
150,0.0006979057669156609,9.6121995936314
151,0.0006949788003971712,10.427860885375148
152,0.0006915491218092339,11.474703832768684
153,0.00068314525894484,9.928364032292476
154,0.0006796397771844023,10.27456158422861
155,0.0006748452210031795,9.910304048364207
156,0.0006640704629662975,9.669149004344321
157,0.0006636129535979987,9.245319424326812
158,0.0006622615076064983,9.31705739750641
159,0.0006499924787147021,9.441805389816842
160,0.0006481097304960911,9.378869773674827
161,0.0006399877509147318,10.476757727947872
162,0.0006342526641881553,10.418822945128873
163,0.0006323218339564052,10.856987792781082
164,0.0006281725393955404,11.22208581697205
165,0.0006237621851241974,10.512248550375311
166,0.0006212068487852362,11.794681070315841
167,0.0006185948763745804,10.643499230424883
168,0.0006146996786287631,9.536528161731873
169,0.0006061292755465432,10.60320698362327
170,0.0006055631511235406,9.569780639516456
171,0.0005998056308067843,9.763210946255757
172,0.0005983901970771056,9.73425046481055
173,0.0005939774874471146,10.270445382521881
174,0.0005899601482362453,10.60754704674984
175,0.0005881344198014134,9.75671575410932
176,0.0005835680313737964,9.44006491103625
177,0.0005784006306834268,9.373775515706921
178,0.0005757023496686738,9.540578723814562
179,0.0005721497570244815,9.539637184008683
180,0.0005653097627425492,9.81781982311553
181,0.0005619439222475644,9.882093375925582
182,0.0005588885223853495,11.60151459529622
183,0.0005577991041559496,9.413310791321871
184,0.0005560598914028405,10.862410383493078
185,0.0005512615137505133,10.454011253279809
186,0.0005468091000633987,10.258513211399919
187,0.0005449280672977805,9.499966211397968
188,0.0005362383977553775,9.763185180203907
189,0.0005341430324188472,9.687829561083394
190,0.0005275465572793348,9.926689666391747
191,0.0005238638636147155,10.212306525965996
192,0.0005214446448918008,9.226837122994773
193,0.0005196515599195428,9.873336121683131
194,0.0005178329946269409,10.263761383214348
195,0.0005118844324373,10.138977867498724
196,0.000510672620570958,9.96131122686482
197,0.0005099644782535137,9.658042733519112
198,0.0005060385758229755,9.243488739379456
199,0.0005018289094371579,9.453950189067418
200,0.0004984482344795991,10.078564425601236
201,0.000495469756891466,10.672540482731803
202,0.0004940289505210768,9.088541669861698
203,0.0004912755259976983,9.712629204051401
204,0.00048669674262987296,9.35464665930069
205,0.0004830117945517354,11.474395120094705
206,0.000480130913243596,9.898652053453178
207,0.00047787795465514127,10.885107129265466
208,0.0004747916454213629,10.356494607771426
209,0.00047264198613792484,9.738691501297374
210,0.0004699875394593937,10.417306592978102
211,0.00046663346762297635,10.014948627434586
212,0.0004620825994765767,10.266585620495261
213,0.00045864816905959605,10.308769079877615
214,0.0004567278861493828,10.358285041279453
215,0.0004550232822941172,9.678399168362493
216,0.000453024025810869,10.124274344132763
217,0.0004498660593808462,10.446894117774727
218,0.0004469416295903491,9.200133456814942
219,0.0004445261608302904,9.809847985606114
220,0.0004433548250086777,11.786443710419693
221,0.0004415414954507266,9.988516754835095
222,0.00043395709411332223,11.044922839404839
223,0.00043302084829631936,9.699996118004053
224,0.00043062692429509373,10.221113059014444
225,0.00042979154810282425,10.72366771280705
226,0.0004249257840575861,10.642700322775477
227,0.00042181400824880524,10.21530354477914
228,0.0004202963558433588,9.965005257655251
229,0.00041679506023957176,11.341536010426223
230,0.00041274223690910574,10.101191793786658
231,0.00041171937299937174,10.581237894705485
232,0.0004092430959963376,10.682855258097346
233,0.0004069854941814616,10.420622486356661
234,0.00040562895098323557,9.446193640013622
235,0.000402211615743184,10.019936691369486
236,0.0004006169387692355,10.64456709704225
237,0.00039735095135025767,10.029863696423291
238,0.0003958042965984076,10.183574980950736
239,0.00039481673471249834,10.3649939116252
240,0.0003919502427594352,10.181836273695673
241,0.00038921550660736467,9.317235164834601
242,0.000387439366192961,10.010569317127493
243,0.0003852059378443861,10.699680342746534
244,0.0003826907431908399,10.535570459030584
245,0.00037921772622558027,9.63351868216083
246,0.0003767413123272666,10.447488959394873
247,0.00037498623123545006,9.682927709248505
248,0.0003731379854114291,11.652516363750413
249,0.00037008475140417593,10.364541248253975
250,0.0003692820546082001,9.673310407264054
251,0.00036753007313282074,10.077324420208889
252,0.00036624686022523526,10.803110046374021
253,0.0003632128553978793,9.586757530912132
254,0.0003589693286556939,9.997638577566994
255,0.00035818034488180827,10.96643675618145
256,0.0003575959086746145,10.407817670304434
257,0.0003569123270139635,9.88700988456747
258,0.0003536564261336092,9.954843131355156
259,0.0003525151527736924,10.621686975461223
260,0.0003495899213747001,9.846255900524826
261,0.0003482033567391305,11.160284250341697
262,0.0003466257787662599,10.38654002689314
263,0.00034434040621826215,11.443996383200762
264,0.0003385547255932597,10.210058996841239
265,0.000337797811158241,9.755635239705025
266,0.00033625967852682484,11.448976101092708
267,0.0003341664696478478,10.545327175130641
268,0.0003313928738435484,11.111312450311512
269,0.0003300166440455406,10.981159361986796
270,0.00032766336023374817,11.00620664886241
271,0.0003266878198731042,10.435273111961052
272,0.00032550207137876344,10.67522524878149
273,0.00032421010932219373,9.811666311780533
274,0.0003224451077590817,9.605343896149021
275,0.00032105121006554844,9.963513816898027
276,0.00031909260965610667,10.558435439263956
277,0.0003170546846624836,9.826329716791955
278,0.00031660135370326943,10.212461849530914
279,0.00031460283881536947,11.192597313256053
280,0.00031049321224951566,9.962056149009499
281,0.00030939892958049137,10.990106854746124
282,0.00030862168844742073,11.099233336623147
283,0.0003049112021265351,10.6371804775236
284,0.000303746595006856,10.119685768528992
285,0.00030181300314921126,11.413537690211395
286,0.00030017515311292617,10.234766363995336
287,0.00029871254588214935,10.066583645823117
288,0.0002979403292461514,10.553516904200578
289,0.0002969972002796128,10.714806229916798
290,0.0002931862138598663,11.330393315631504
291,0.00029150095655378267,10.893101266293458
292,0.0002898471544972604,10.98209051928505
293,0.0002888774550091523,10.808976152573944
294,0.0002879155231705763,9.717150534391259
295,0.00028450442681866444,10.446446075521743
296,0.0002827928808337408,10.560887713866476
297,0.0002816040899892164,9.80252384195319
298,0.00028016500863835156,10.342125216167636
299,0.0002793879418471704,11.267225278045526
300,0.00027679130810132866,11.914904864608694
301,0.0002750049495448512,9.999428742247993
302,0.00027188988941858944,11.233690998601643
303,0.0002714138571562173,11.020117591030967
304,0.0002682945370660721,10.861318845674303
305,0.00026648538848957304,10.667186828318863
306,0.0002652457669771959,10.060650743126274
307,0.0002630941141895287,10.298289470498089
308,0.00026245522529326596,10.03618034720241
309,0.0002612515043822834,9.737711502867684
310,0.0002609743771978898,10.88286436820233
311,0.00025907011914218464,9.910220926672237
312,0.00025736213208140253,9.821152470849382
313,0.00025650747669031797,10.60209401490204
314,0.0002542991695868602,10.158270796352644
315,0.00025325103953501954,10.759856511953483
316,0.0002509097205166545,11.112037992199646
317,0.0002500244711931214,10.995749589566566
318,0.00024613125507497836,10.782326260909812
319,0.00024599073387003714,9.91944837666703
320,0.00024468829044809636,11.696678252641615
321,0.000244132738712502,9.121647360845406
322,0.0002439804819266889,11.563374794311073
323,0.00023935722899257164,9.842223156659488
324,0.00023907444823791768,10.888566177831025
325,0.0002368249214368274,10.518198827507259
326,0.00023570117486376355,10.561283269786784
327,0.0002336468287522521,10.502373036827223
328,0.0002327764837143137,11.0014153184976
329,0.00023177259909325305,10.739555073470173
330,0.00022933809072811647,11.666157519724175
331,0.0002276887941004423,12.984168860579574
332,0.00022540777539247143,10.349064265726048
333,0.00022455299465482938,10.696563978727253
334,0.00022396888299419846,10.484104954318001
335,0.00022134060458366033,10.437435368576862
336,0.0002205865233215554,9.402486507591131
337,0.00021961185386204393,10.688015922346743
338,0.00021823480909717474,10.921383563159925
339,0.00021717125683175543,11.421552662619858
340,0.00021503035254234775,10.455055968935254
341,0.00021287009125959817,10.658122617349264
342,0.00021167599420388576,10.400600415030114
343,0.00020994628934372443,9.741823335441802
344,0.00020894370775540312,10.373508279264655
345,0.0002084224857991723,11.942184813231083
346,0.0002069733775727669,10.24363403058572
347,0.00020504580978509128,10.395036247394778
348,0.00020314263399821812,10.506974735922398
349,0.00020203033153433237,10.88952258594411
350,0.0002007150544495006,11.425367746165863
351,0.0001996197482766832,10.70183960179376
352,0.00019837183322105685,10.770173494608516
353,0.00019630679307961187,10.059855827430145
354,0.00019368162731646886,10.27151102995388
355,0.0001934672510024617,11.651746460284134
356,0.00019117469069482312,12.476173072797327
357,0.00019091045287640733,10.051328288993345
358,0.0001896731039742035,10.195547917242541
359,0.0001890373479998705,9.791594371804237
360,0.00018718324912974434,10.060369300797943
361,0.00018664250249696322,12.216047656870977
362,0.00018404696393098814,11.063701025105255
363,0.00018321984594972591,11.138584921031704
364,0.00018216228309308091,11.96124970121653
365,0.00018089382940676699,10.799941286624279
366,0.00017889773650153008,10.336914655342403
367,0.00017796065704465215,10.12669632477049
368,0.0001770399777482472,10.803458966031958
369,0.00017515794457465138,10.29898196263599
370,0.00017415459780039815,10.150495397351525
371,0.0001740323131802822,11.69489723644913
372,0.000172552267770526,9.73889295093233
373,0.00017104010012789162,10.563524882241905
374,0.0001703064714840742,10.052057216842863
375,0.000169572793350603,10.769444663262531
376,0.00016711718796539956,9.953544163068296
377,0.00016636779338447647,11.649110500882049
378,0.00016535884152337052,11.313843916183806
379,0.00016437490924076385,10.101167396564643
380,0.00016320639792695812,9.945982781062847
381,0.00016278768633814892,10.30336622769282
382,0.00016003830480434134,10.53823766187684
383,0.00015930119271227662,10.542789061100722
384,0.00015666208722717477,10.427090699397802
385,0.00015642684284037216,11.343109767017639
386,0.00015495517848725159,9.657661884790043
387,0.00015379012500369877,10.858217659587165
388,0.00015184803266327142,10.894864729049868
389,0.00015124278767492732,10.817576631924016
390,0.00014979702707213538,10.298690375707
391,0.0001492329065407447,10.244231160572339
392,0.00014849896756466272,10.507132231634696
393,0.00014713280904069312,10.265747486231025
394,0.00014514357880342582,11.694167355459317
395,0.0001441181919584369,11.757889682144297
396,0.00014322444445897888,10.212503218797178
397,0.00014231408610678595,10.060315582698346
398,0.00014047375608911673,11.181366275776698
399,0.00014006546569574483,10.927928200680439
400,0.00013869302865222543,12.080367980575948
401,0.00013790228194126718,11.176377000378697
402,0.00013613133966033805,11.227038894606055
403,0.00013509854309438083,10.453738859596083
404,0.00013296402758887024,11.468443456567977
405,0.00013239594023050296,10.35539256342976
406,0.00013205679652085654,9.808046409616553
407,0.00013111805321728732,10.95304941191202
408,0.00013021810665695403,11.317235810346416
409,0.0001285568099416998,10.00870523293611
410,0.0001277239637545425,11.208101740327503
411,0.00012744700359848337,9.78747542755185
412,0.00012599848186754976,10.099619578528186
413,0.0001253098270485908,9.728249503407506
414,0.00012343075029566344,10.78310924652431
415,0.00012178446360913456,10.575327724261472
416,0.00012129375211839902,10.736616677798411
417,0.00012056421279973848,10.954387949523795
418,0.0001202968547415933,10.722243621997054
419,0.00011851561449461748,10.70855096842004
420,0.00011780763363681888,10.57268677719269
421,0.00011629317781142458,13.470642412318288
422,0.00011609521639532395,11.991595784805893
423,0.00011514990703097408,10.228305008209784
424,0.00011439207036976168,9.550045743672634
425,0.00011309456355562881,10.858077845415792
426,0.0001124857849776,10.117057308411944
427,0.00011034889518812978,11.891633081372099
428,0.00011009808901298793,9.961390433205848
429,0.00010932852561709409,10.739254297662894
430,0.00010872767300459298,10.639469479143171
431,0.00010830586926474715,11.169543921929758
432,0.00010596937455873773,12.055791854425358
433,0.00010467199321224341,9.348314982403704
434,0.00010342021492375587,10.411527161578046
435,0.00010321758376191053,9.32201084411695
436,0.00010258984203728852,12.589761504204493
437,0.00010170154414043358,11.847051240566763
438,0.00010095272360212111,14.349610234726365
439,0.00010006871297135405,10.64486239286753
440,9.873051005769887e-05,10.46831691858572
441,9.814847362244817e-05,9.391041995494135
442,9.784299187864194e-05,11.175513604140116
443,9.669515215598915e-05,9.729610951116356
444,9.580252967708853e-05,11.659172543585587
445,9.485911486751977e-05,13.011629957853183
446,9.34475246280185e-05,10.77389566015915
447,9.298374534389354e-05,9.890314885181137
448,9.271842571233709e-05,11.352427055966153
449,9.20126252552285e-05,10.4707923878671
450,9.051856542109408e-05,10.474062913927709
451,9.050467568170204e-05,9.928630461901792
452,8.965152963723442e-05,12.179897669708277
453,8.894744174319217e-05,10.760015596662706
454,8.88311609798706e-05,11.248120812905064
455,8.761707002276393e-05,10.465718070209608
456,8.643699413389507e-05,10.285754539155175
457,8.575203240230298e-05,9.810786626771208
458,8.492806925003175e-05,10.814302382908611
459,8.392511595736512e-05,11.523745330598286
460,8.298485344093669e-05,10.235355723962762
461,8.247229268791876e-05,10.7644000742591
462,8.14646632332773e-05,10.652410422806954
463,8.087752886510505e-05,10.92978344964482
464,8.054219495386561e-05,10.430984249284943
465,7.936466655574455e-05,10.684824429587866
466,7.921275077669304e-05,13.766472997975898
467,7.86195561730958e-05,9.950861726546647
468,7.809458996651476e-05,11.400262979023244
469,7.705027227591537e-05,10.462914731133214
470,7.646794454066482e-05,9.488042961504544
471,7.62180276720377e-05,10.691770928922582
472,7.551579847179979e-05,11.879066075882873
473,7.395834281962162e-05,10.481303993206762
474,7.389917314728365e-05,11.593588880377673
475,7.313720943687407e-05,10.247080329002129
476,7.258478939194989e-05,10.065238091473667
477,7.172183063629029e-05,14.096636206369421
478,7.105864173979772e-05,11.01824753707378
479,7.017561005617025e-05,11.068432363499229
480,6.997234623725452e-05,11.33131753690144
481,6.957719402697502e-05,9.638631483263485
482,6.871290688337733e-05,11.30275685705296
483,6.768065676303488e-05,10.75383284480836
484,6.703633111781439e-05,10.338950206706446
485,6.63637392285544e-05,11.4412434274691
486,6.622296125635411e-05,16.48257576738005
487,6.593838045654549e-05,9.266859321599615
488,6.505431651685421e-05,10.162676579717829
489,6.382063960587652e-05,12.067843284756798
490,6.379083892275979e-05,12.164967803743169
491,6.276420853790705e-05,11.731323804056883
492,6.223048496551664e-05,10.862952868105573
493,6.166203262608641e-05,10.470772126905109
494,6.139346056891677e-05,11.516040769504572
495,6.099004056034761e-05,12.815361880687608
496,6.054984229204737e-05,9.968509936749099
497,6.035006444192629e-05,15.875675031303858
498,5.9937356453183755e-05,10.353384512224967
499,5.927955375900828e-05,11.899875722777244
500,5.846608048840584e-05,10.121157448512596
501,5.824591806922772e-05,11.253536093120635
502,5.761708652106186e-05,10.269765201825347
503,5.656379218546507e-05,11.91640226809603
504,5.643493291712723e-05,10.427296065187083
505,5.5806399208156394e-05,11.71949548021039
506,5.535057131107056e-05,11.28162377046998
507,5.459061457254563e-05,11.194621256869707
508,5.441700012911703e-05,9.705626390478542
509,5.409930470595224e-05,10.520453888904777
510,5.3881772203979343e-05,10.929302058627917
511,5.343086629019421e-05,10.178036190447163
512,5.3023340966648826e-05,10.052982491300826
513,5.241927516337159e-05,11.176924066124904
514,5.182919807041881e-05,10.361817344987466
515,5.1720320788154035e-05,9.6612142793779
516,5.1377868832465614e-05,9.919407183763525
517,5.0384691981569814e-05,14.261489077821587
518,4.992106532236193e-05,10.562113606267589
519,4.919980827765415e-05,9.970435038427311
520,4.8795367023750845e-05,9.720798258974352
521,4.8233464377446765e-05,10.207454664817556
522,4.8131480319422335e-05,11.073879496531813
523,4.744010855179544e-05,10.348287649123991
524,4.718068059413605e-05,14.52149394747781
525,4.6959432482622925e-05,11.663149354119192
526,4.640868434463415e-05,11.34791781296814
527,4.6197161473133636e-05,9.913561391883674
528,4.5714756432212694e-05,10.082077595710917
529,4.538091347578807e-05,10.56160960663698
530,4.50026658165713e-05,12.897438607864691
531,4.489205049352355e-05,10.761359578327188
532,4.409956760495455e-05,12.845982449171894
533,4.3965547744966066e-05,10.844687387223654
534,4.352690733004597e-05,11.38939715920831
535,4.297324508622744e-05,10.735099421152668
536,4.245421394264382e-05,10.832846643891525
537,4.220462884116821e-05,10.98106644392865
538,4.189646970336699e-05,10.777932111785562
539,4.159724606406002e-05,15.853703768066671
540,4.127979564250993e-05,12.248777015162489
541,4.0342862760203965e-05,13.267867133330483
542,4.004317723747375e-05,12.019714666624248
543,3.971818145461276e-05,10.953465838293551
544,3.9306912729279614e-05,10.56782361720533
545,3.916886972531645e-05,12.390595917945735
546,3.851553986520381e-05,14.318492844365815
547,3.843422297234281e-05,12.231810285795957
548,3.8130103587981626e-05,10.743075111713635
549,3.784126281025002e-05,12.079979450824139
550,3.747660376048545e-05,12.880952490785667
551,3.732283589693644e-05,12.095746698548924
552,3.695489820849056e-05,11.436933406986313
553,3.6611152361346134e-05,11.959182485306764
554,3.632940968925686e-05,11.442526555387728
555,3.5927181250757916e-05,11.9254291022906
556,3.521290622106639e-05,12.41979278811252
557,3.5164514160760345e-05,11.811698765278921
558,3.466845538021944e-05,11.937609014478966
559,3.456772511115716e-05,13.070035026962794
560,3.433636559347495e-05,11.184698613233042
561,3.3908969931460765e-05,9.147505783437985
562,3.358328663617677e-05,10.478548570627161
563,3.3328327791861e-05,13.870738907509658
564,3.30001893304448e-05,11.904262183802645
565,3.249353847793723e-05,11.275580931774538
566,3.217369816286233e-05,14.48807186744609
567,3.153773504595141e-05,13.533668576308955
568,3.136933208256417e-05,9.818428205316074
569,3.121887452376675e-05,12.886304152493235
570,3.07261704245554e-05,10.872524912570901
571,3.0412586666528087e-05,12.090927141441608
572,3.0345416947862316e-05,11.00998880198835
573,3.0004246800761888e-05,10.71058194248665
574,2.9806822792516952e-05,13.086445131326531
575,2.927246038484182e-05,12.361468026059017
576,2.8983465790454625e-05,16.084700165618802
577,2.8971956052133956e-05,9.863545345472714
578,2.8707640624444915e-05,15.376306208028522
579,2.837635141773052e-05,12.04990945913811
580,2.8223988066219108e-05,11.766150216490745
581,2.7761013309079523e-05,15.857373621317235
582,2.754472531737948e-05,10.970833248685821
583,2.7439052341201488e-05,14.079473299105656
584,2.7101907900681146e-05,11.740193622171498
585,2.666972904724548e-05,15.600089492930008
586,2.643058046368408e-05,16.339785563446355
587,2.62142356117499e-05,15.186197431345903
588,2.582405628421407e-05,11.39260273022465
589,2.5615443819663422e-05,13.473152566231303
590,2.5532902706185757e-05,11.620060792190083
591,2.5247917791742105e-05,13.920768797192661
592,2.4969643363166555e-05,12.908932723951144
593,2.4422806118994704e-05,10.477242666295854
594,2.4296848749520175e-05,11.081454231950067
595,2.4011514361684197e-05,14.915227097710677
596,2.382691092420612e-05,10.620079130478787
597,2.3548838946798603e-05,13.05651539845752
598,2.3283177838274597e-05,10.69100503994642
599,2.3134241359451782e-05,10.451626772172462
600,2.284036586164422e-05,11.869609372673537
601,2.2719015010460926e-05,10.919625565928218
602,2.2470661001588564e-05,11.503289487647391
603,2.212485595838036e-05,12.100440667449691
604,2.1848694325253015e-05,10.02330352682035
605,2.1687475524329553e-05,10.950314549698739
606,2.1501085096666912e-05,13.195245030513693
607,2.1086796161732876e-05,11.149709529884166
608,2.084638151396329e-05,11.983962266756492
609,2.059165069469673e-05,12.218074688455467
610,2.0415959252288343e-05,11.311771650034
611,2.013420398640317e-05,10.399101044022235
612,2.0109811106255376e-05,12.283381163830018
613,1.970511896696923e-05,11.321545765759021
614,1.950822778143198e-05,13.243437300126017
615,1.9295322608726626e-05,13.239277138703665
616,1.9160748480824235e-05,11.902720522713379
617,1.8852370205609117e-05,11.092835215751828
618,1.8703548575493767e-05,12.444445959298358
619,1.8687522269365365e-05,10.998422606588576
620,1.8632739312823364e-05,10.840302583982119
621,1.8058869198799134e-05,10.951571384341188
622,1.7773349315912476e-05,13.57448647793753
623,1.751146934134597e-05,11.886694726326583
624,1.7265665945869286e-05,10.951572148010618
625,1.7094788844841163e-05,12.507848566227793
626,1.697526587467636e-05,10.001089990119102
627,1.6802468717377553e-05,13.244625674875403
628,1.6492798082447277e-05,14.014155969364047
629,1.6332216634439305e-05,13.860271664751114
630,1.6193174195999523e-05,13.48696804350735
631,1.5948289589995884e-05,11.25437616382839
632,1.5740177288484798e-05,11.949183208353553
633,1.56014711889322e-05,17.762261240938255
634,1.55044165033892e-05,15.061852071557766
635,1.5240110081411961e-05,12.451414374842301
636,1.5145280539073817e-05,12.052162979620656
637,1.49762160986215e-05,11.765878218097818
638,1.495431414192143e-05,16.270667907505214
639,1.4620324490533102e-05,11.144290845276112
640,1.435977026081426e-05,12.787314989974401
641,1.4115681999422522e-05,14.036194931333958
642,1.3976991866643804e-05,15.251766213415054
643,1.39660103293037e-05,11.869496945628251
644,1.3643703811529203e-05,11.996739279579534
645,1.355233104965995e-05,10.981262792978743
646,1.3455463716011244e-05,10.733691575656259
647,1.3330435218925167e-05,10.459750438805317
648,1.3088024735123608e-05,15.040233128503681
649,1.2771664674720142e-05,10.432303963374638
650,1.2672368480781005e-05,10.198310987178889
651,1.2619077084433069e-05,14.274393230590055
652,1.2492529738018759e-05,12.398779198596623
653,1.2454397625888488e-05,9.997232378068434
654,1.236476230462681e-05,14.835935038304495
655,1.2188917923957551e-05,11.142893197290316
656,1.2027903996514664e-05,11.56943995429405
657,1.179436345707263e-05,13.060828901269307
658,1.1753888374060002e-05,14.847751607059832
659,1.1583027895773335e-05,11.026947944936587
660,1.1446098673010021e-05,15.44013062717033
661,1.1413870814720042e-05,9.966108142039452
662,1.1299769687098236e-05,10.705051908700975
663,1.1078002997238725e-05,11.771871240218767
664,1.1008201213388743e-05,13.795161700098022
665,1.096452999167349e-05,16.89016507180285
666,1.0870656858984796e-05,13.379025398134864
667,1.0677401027390453e-05,10.98079830682286
668,1.057944376538864e-05,10.496006713111102
669,1.04762232435812e-05,10.310470963329083
670,1.0447749399578168e-05,14.82760879117467
671,1.0349392758044643e-05,14.64320291981275
672,1.0132894556301723e-05,11.299259705708469
673,1.0038246804850052e-05,13.407745934622277
674,1.0009830844539468e-05,13.943896706346633
675,9.921340007905054e-06,18.40978355986564
676,9.844451639187604e-06,13.796973428008753
677,9.703122666494987e-06,11.98830670856963
678,9.593687614524726e-06,11.410728546565906
679,9.475571799351298e-06,10.63792563739702
680,9.331631941044913e-06,16.982371123109846
681,9.242705277015367e-06,13.045477800412007
682,9.108832026563142e-06,15.6212126691394
683,9.032652019282264e-06,11.839614316708635
684,9.014367979477846e-06,13.43377847158446
685,8.998984267959975e-06,11.693156452909937
686,8.940883775373295e-06,13.575356022209519
687,8.859533491269437e-06,13.721935011852642
688,8.794092445505455e-06,12.423645139753164
689,8.501690814869607e-06,14.413428354032767
690,8.413507519269228e-06,12.559702578292033
691,8.387647871058789e-06,13.344887033593634
692,8.180034556595634e-06,11.098063469624977
693,8.122339330459342e-06,10.166660082151834
694,8.097667401149822e-06,12.820095574542348
695,7.995218029807694e-06,11.67981172540305
696,7.937336937839837e-06,12.558549171506913
697,7.883688741435428e-06,19.088407648460194
698,7.8301574861733e-06,16.7429236170256
699,7.766141452034029e-06,13.674109611773407
700,7.669751195324281e-06,13.938498509439757
701,7.6253543378333124e-06,11.529241961488161
702,7.453865252340056e-06,12.650314434217277
703,7.36797151343563e-06,13.370748305330727
704,7.364226662254751e-06,12.594840038588151
705,7.310811643464493e-06,13.413723845425977
706,7.221557139496942e-06,14.738559106243924
707,7.199873417614045e-06,10.602860876082303
708,7.120175387443406e-06,11.528881026697231
709,7.0575826718756935e-06,16.699000497318767
710,6.946875973659881e-06,15.922261786875236
711,6.8999337886345555e-06,12.834738603774948
712,6.874658727012194e-06,11.459951491309477
713,6.723216807979354e-06,12.46290535641772
714,6.702906690208404e-06,12.911106475581395
715,6.649681011647362e-06,13.205028948618446
716,6.572552487145016e-06,12.276870174283673
717,6.519143292584127e-06,12.4239412546676
718,6.410234458662025e-06,11.533904095897348
719,6.365625707496984e-06,14.407251217596812
720,6.338647838432821e-06,12.13358279952788
721,6.268352884402313e-06,18.886107478233555
722,6.196489612828238e-06,11.928754354718446
723,6.181586866883026e-06,11.296745892069458
724,6.084292287737453e-06,11.233851697078293
725,6.0066544627557e-06,12.293211949194436
726,5.956014854429542e-06,14.264434464530668
727,5.913174892215339e-06,14.151648372447996
728,5.842491268767267e-06,12.43692461204368
729,5.821452618610317e-06,11.376437696939535
730,5.7746113137470005e-06,12.129484996735348
731,5.736048663896093e-06,11.572429196627715
732,5.6112015666950055e-06,13.73231382829746
733,5.5351805512728744e-06,13.796825539618013
734,5.4875201342020664e-06,11.943620677250651
735,5.44709742998552e-06,12.95705770198762
736,5.387125176005863e-06,10.951257708819794
737,5.2966833704280626e-06,12.414728983041849
738,5.251755691094639e-06,11.661127605334471
739,5.196242926395066e-06,13.935261834283319
740,5.139481572608627e-06,13.02474655626827
741,5.094776920755723e-06,13.315538886039239
742,5.053147026091354e-06,15.566005053592187
743,5.0260463701455034e-06,14.870335216172068
744,4.9325640473178946e-06,11.664306509868286
745,4.922529174099806e-06,11.763195047701736
746,4.8658184254196204e-06,12.311206467986429
747,4.785991088833588e-06,12.313575323294565
748,4.758695741787467e-06,12.598447904414408
749,4.747360689408691e-06,12.069703983406626
750,4.616194343770695e-06,13.07903971566591
751,4.518654126410064e-06,13.341692129538414
752,4.443065082390997e-06,13.10800982536835
753,4.419473305813583e-06,10.682146591877713
754,4.37468908169108e-06,13.888882996368753
755,4.352918867688686e-06,13.12953614530536
756,4.256102211160481e-06,15.051230672121623
757,4.21731691591944e-06,12.112131577338586
758,4.0957924146552524e-06,12.075885721306923
759,4.04261469509143e-06,13.085778711952024
760,4.004976653600507e-06,11.890349733976503
761,3.9379151905869255e-06,16.74755627343969
762,3.874098618543831e-06,13.91566618861394
763,3.743429218952324e-06,11.327221971969019
764,3.658449612882022e-06,14.175693279538637
765,3.5609668740635514e-06,13.305059597794932
766,3.246385326464959e-06,17.455447923220138
767,2.6359835986072505e-06,24.76938782934438
768,8.554357679756333e-10,25.515405460552046
