name,fam,B,mem_mib,lat_ms,new,ndcg_contractnli,ndcg_cuad,ndcg_maud,ndcg_privacy_qa,ndcg_macro,pcasq8_same_mem,diff_vs_pcasq8
PCAf32_B16,PCAf32,16.0,2.4466371536254883,1.1458864901214838,False,0.0015892555127776414,0.0004788510462322286,0.0,0.0015967374811600478,0.0006893688530032901,,
RPf32_B16,RPf32,16.0,2.4466371536254883,1.1464979033917189,False,6.973128542766501e-05,0.00010955702649894301,0.0,0.0,5.9762770642202675e-05,,
RPsq8_B16,RPsq8,16.0,2.446793556213379,0.7216800004243851,False,0.001073506792231615,0.004331930934169325,0.00014796248592465941,0.010437925379697365,0.0018511334041085333,0.004190907872745244,-0.0023397744686367104
PCAsq8_B16,PCAsq8,16.0,2.446793556213379,0.762817682698369,False,0.003730508918106519,0.007750538134005397,0.0010916765661238162,0.04835693223453701,0.004190907872745244,0.004190907872745244,0.0
PQ_B16,PQ,16.0,3.446676254272461,1.2759484816342592,False,0.003286356487977371,0.025179006910436046,0.0012874752590387858,0.08843009045945018,0.009917612885817401,0.007949275088460625,0.0019683377973567767
RPf32_B32,RPf32,32.0,4.893231391906738,1.1341264471411705,False,0.0006321722297552242,0.00037326025336324525,0.00010984204624899302,0.0005644677035316721,0.00037175817645582085,0.011793317542114417,-0.011421559365658597
PCAf32_B32,PCAf32,32.0,4.893231391906738,1.1352759320288897,False,0.0028693888248386324,0.001539170152570343,0.00013073511859668533,0.02532844303083778,0.0015130980320018866,0.011793317542114417,-0.01028021951011253
PCAsq8_B32,PCAsq8,32.0,4.893509864807129,0.9769168682396412,False,0.00885301763019576,0.02409235379595169,0.00243645389686799,0.07207792671810008,0.01179394177433848,0.01179394177433848,0.0
RPsq8_B32,RPsq8,32.0,4.893509864807129,0.9573949500918388,False,0.007342611406482222,0.011704240821935623,0.000898982951042415,0.023309244200401476,0.006648611726486752,0.01179394177433848,-0.005145330047851727
PQ_B32,PQ,32.0,5.893270492553711,2.1622739732265472,False,0.008592861857962337,0.055952788399669,0.0012681727853175655,0.08145317143465686,0.0219379410143163,0.01597836382423485,0.005959577190081451
RPf32_B64,RPf32,64.0,9.786419868469238,1.0924877133220434,False,0.0012517124098543532,0.004351582878183249,0.00018035851873311753,0.011169171015426417,0.0019278846022569064,0.027394499361959312,-0.025466614759702407
PCAf32_B64,PCAf32,64.0,9.786419868469238,1.0157397482544184,False,0.0038640490800922918,0.0075044210214565395,0.0011502773643799178,0.049959555819362476,0.004172915821976249,0.027394499361959312,-0.023221583539983062
PCAsq8_B64,PCAsq8,64.0,9.786942481994629,1.619965536519885,False,0.017716523170292,0.060698332164164,0.0037722486999641745,0.14515372661811987,0.027395701344806723,0.027395701344806723,0.0
RPsq8_B64,RPsq8,64.0,9.786942481994629,1.6086662653833628,False,0.016963736305287434,0.046656473074472925,0.002132994090963316,0.07614831197357008,0.021917734490241227,0.027395701344806723,-0.0054779668545654955
PQ_B64,PQ,64.0,10.786458969116211,3.9551614318042994,False,0.018182510421889495,0.09674613533297885,0.0033488085047029513,0.14313721847123909,0.03942581808652377,0.031023384675545287,0.008402433410978481
PCAf32_B96,PCAf32,96.0,14.679608345031738,1.099033048376441,False,0.004617792762054399,0.013345246976935938,0.0022306752187599625,0.053959739731353075,0.0067312383192501,0.04251975445181933,-0.03578851613256923
RPf32_B96,RPf32,96.0,14.679608345031738,1.1100315023213625,False,0.005605581758210896,0.008165214239506486,0.0007030650042551185,0.013400273152991221,0.004824620333990834,0.04251975445181933,-0.037695134117828495
PCAsq8_B96,PCAsq8,96.0,14.680375099182129,2.2193039767444134,False,0.027737110022372582,0.09401885307139043,0.005809145807297677,0.20779114113390215,0.042521702967020236,0.042521702967020236,0.0
RPsq8_B96,RPsq8,96.0,14.680375099182129,2.153450855985284,False,0.023426599475292322,0.06980998876870309,0.0045975303830175325,0.12159589382924746,0.03261137287567099,0.042521702967020236,-0.00991033009134925
PQ_B128,PQ,128.0,20.57283592224121,10.23061340674758,True,0.04668428448647065,0.1422539483042234,0.006596820465502486,0.20486396942900134,0.06517835108539884,0.05630314101853196,0.008875210066866875
PCAf32_B192,PCAf32,192.0,29.35917377471924,1.8341022077947855,False,0.012509817834408805,0.04450844969011514,0.002646049784705226,0.11975731561082592,0.019888105769743057,0.07082676236792745,-0.0509386565981844
RPf32_B192,RPf32,192.0,29.35917377471924,2.0120060071349144,False,0.00759400397936112,0.02816188446821011,0.0019159911793330967,0.04622390069403811,0.012557293208968109,0.07082676236792745,-0.05826946915895934
RPsq8_B192,RPsq8,192.0,29.36067295074463,5.34138223156333,False,0.050303618168888134,0.11708147507097774,0.0072353082650944275,0.22431339086158208,0.05820680050165344,0.07082884767474633,-0.012622047173092892
PCAsq8_B192,PCAsq8,192.0,29.36067295074463,4.993370734155178,False,0.05854596239708508,0.14494651733404557,0.008994063293108328,0.2676244290897584,0.07082884767474633,0.07082884767474633,0.0
PQ_B256,PQ,256.0,40.14558982849121,26.16352471522987,True,0.07576089093508787,0.16604242623781562,0.009875816288104371,0.3085100587143534,0.08389304448700262,0.07833856604031209,0.005554478446690533
PCAf32_B384,PCAf32,384.0,58.71830463409424,3.736669896170497,False,0.028490161160436726,0.09381485997185646,0.005807182741748944,0.20646891248369537,0.04270406795801404,0.08746571376932752,-0.04476164581131348
RPf32_B384,RPf32,384.0,58.71830463409424,3.8114627823233604,False,0.02354012493886286,0.06995426266884992,0.004592219286846913,0.12258452737029113,0.0326955356315199,0.08746571376932752,-0.05477017813780762
RPsq8_B384,RPsq8,384.0,58.72126865386963,13.198463013395667,False,0.07330426359523229,0.14452203322484444,0.009379738949597777,0.2489896658610972,0.07573534525655817,0.08746692541361852,-0.011731580157060342
PCAsq8_B384,PCAsq8,384.0,58.72126865386963,13.029765337705612,False,0.09393503594811527,0.1589642929852813,0.009501447307459016,0.32541036467527096,0.08746692541361852,0.08746692541361852,0.0
PQ_B512,PQ,512.0,79.29109764099121,61.967535177245736,True,0.0869023035575065,0.16983919432401626,0.010220429212839882,0.30436203120407357,0.08898730903145423,0.08876390504769184,0.00022340398376238801
PCAf32_B768,PCAf32,768.0,117.43656635284424,8.025781251490116,False,0.05900553202553271,0.1452463136345779,0.008779777810308082,0.2684105372173619,0.07101054115680623,0.09046013348096785,-0.019449592324161616
RPf32_B768,RPf32,768.0,117.43656635284424,8.081255946308374,False,0.050281949695344885,0.11707771587588563,0.007201567942044053,0.22381908983393375,0.05818707783775818,0.09046013348096785,-0.03227305564320967
PCAsq8_B768,PCAsq8,768.0,117.44246006011963,21.63171162828803,False,0.10611831711268607,0.15574816675440162,0.009514566763707141,0.329736321534633,0.09046035021026494,0.09046035021026494,0.0
RPsq8_B768,RPsq8,768.0,117.44246006011963,22.164015797898173,False,0.07840621822822842,0.15616858594514674,0.009224344880933417,0.27924892367672455,0.08126638301810286,0.09046035021026494,-0.009193967192162075
RPf32_B1536,RPf32,1536.0,234.87308979034424,16.21913001872599,False,0.0729546518365224,0.14449306772456144,0.009352730734463613,0.24865921033016206,0.07560015009851581,,
PCAf32_B1536,PCAf32,1536.0,234.87308979034424,16.426463844254613,False,0.09420457199467105,0.15855946062794898,0.009519133407217037,0.3268453626443781,0.0874277220099457,,
raw,raw,,626.3281679153442,43.508428148925304,False,0.08764845646858917,0.1712535680383877,0.010124142260801099,0.3175320512830713,0.08967538892259265,,
