model,kind,config,matched,n_seeds,MiB_adj,R,R_lo,R_hi,W_point,W_boot_mean,W_lo,contractnli,cuad,maud,certified
A,raw,raw,False,0,469.7,1.0,1.0,1.0,1.0,1.0,1.0,1.0,1.0,1.0,True
A,sq8,sq8_B96,False,5,15.0,0.5244,0.4696,0.5778,0.473,0.4673,0.3467,0.473,0.5539,0.6264,False
A,sq8,sq8_B192,False,5,29.9,0.7991,0.7585,0.8392,0.7755,0.7586,0.6737,0.7755,0.8141,0.8233,False
A,sq8,sq8_B384,False,5,59.8,0.9644,0.9377,0.9913,0.9095,0.8867,0.7715,1.0279,0.9234,0.9095,False
A,sq8,sq8_B768,False,5,119.7,0.9849,0.956,1.0144,0.9276,0.9105,0.8217,1.0693,0.9276,0.9534,False
A,sq4,sq4_B96,False,5,15.2,0.777,0.7392,0.8151,0.7424,0.7228,0.633,0.7424,0.8016,0.774,False
A,sq4,sq4_B192,False,5,30.5,0.9444,0.9181,0.972,0.9071,0.8814,0.7789,1.0004,0.9071,0.9119,False
A,sq4,sq4_B384,False,5,61.0,0.9636,0.9368,0.9913,0.9101,0.8912,0.7975,1.0428,0.9101,0.93,False
A,pq,pq_m32,False,5,5.6,0.3784,0.3295,0.4304,0.1165,0.1169,0.0698,0.1165,0.5601,0.4183,False
A,sq8,sq8m_m32,True,5,5.8,0.1805,0.1461,0.2175,0.1624,0.1534,0.0873,0.1624,0.1856,0.295,False
A,sq4,sq4m_m32,True,5,5.9,0.374,0.3329,0.4163,0.3194,0.3178,0.2323,0.3194,0.403,0.5154,False
A,pq,pq_m64,False,5,10.5,0.6443,0.5911,0.699,0.3847,0.3837,0.2964,0.3847,0.8244,0.6815,False
A,sq8,sq8m_m64,True,5,10.8,0.3713,0.3231,0.4218,0.3314,0.3244,0.2234,0.3314,0.3909,0.4996,False
A,sq4,sq4m_m64,True,5,11.0,0.652,0.6025,0.7003,0.5832,0.579,0.468,0.5832,0.6952,0.7313,False
A,pq,pq_m128,False,5,20.3,0.8536,0.8162,0.8884,0.7297,0.7286,0.6476,0.7297,0.939,0.8788,False
A,sq8,sq8m_m128,True,5,20.7,0.6754,0.6195,0.7278,0.6302,0.6137,0.4961,0.6302,0.7052,0.7062,False
A,sq4,sq4m_m128,True,5,21.1,0.8821,0.8546,0.9097,0.8522,0.8334,0.7299,0.8985,0.8725,0.8522,False
A,pq,pq_m256,False,5,39.9,0.9626,0.9441,0.9792,0.9167,0.9164,0.8773,0.9167,0.9925,0.9984,False
A,sq8,sq8m_m256,True,5,40.7,0.897,0.8681,0.9257,0.8457,0.8328,0.7112,0.912,0.8898,0.8457,False
A,sq4,sq4m_m256,True,5,41.4,0.9609,0.9349,0.9875,0.9097,0.8921,0.7994,1.0363,0.9097,0.9335,False
A,pq,pq_m384,False,3,59.5,0.9892,0.9793,0.9989,0.9777,0.9664,0.9214,0.9792,0.997,0.9777,True
A,sq8,sq8m_m384,True,3,60.6,0.9683,0.9412,0.9956,0.9225,0.895,0.7897,1.0357,0.9239,0.9225,False
B,raw,raw,False,0,626.3,1.0,1.0,1.0,1.0,1.0,1.0,1.0,1.0,1.0,True
B,sq8,sq8_B96,False,5,15.1,0.4772,0.4314,0.5258,0.3194,0.3206,0.2397,0.3194,0.5521,0.5769,False
B,sq8,sq8_B192,False,5,30.1,0.793,0.7452,0.8409,0.6759,0.6771,0.5594,0.6759,0.8475,0.8849,False
B,sq8,sq8_B384,False,5,60.2,0.9762,0.941,1.0162,0.9271,0.9143,0.8394,1.0742,0.9271,0.959,False
B,sq8,sq8_B768,False,5,120.4,1.0076,0.9679,1.0526,0.9092,0.894,0.8207,1.2091,0.9092,0.9282,False
B,sq4,sq4_B96,False,5,15.4,0.7671,0.722,0.8131,0.6472,0.6481,0.5394,0.6472,0.8234,0.852,False
B,sq4,sq4_B192,False,5,30.9,0.9629,0.9288,1.0029,0.9122,0.9025,0.8399,1.0638,0.9122,0.9468,False
B,sq4,sq4_B384,False,5,61.7,0.9882,0.9519,1.0299,0.9014,0.8784,0.7946,1.1677,0.9014,0.9029,False
B,pq,pq_m32,False,5,5.9,0.2334,0.2045,0.2647,0.0941,0.0944,0.0622,0.0941,0.3102,0.1398,False
B,sq8,sq8m_m32,True,5,6.1,0.1722,0.1469,0.1995,0.1228,0.1236,0.0755,0.1228,0.191,0.2818,False
B,sq4,sq4m_m32,True,5,6.3,0.3524,0.3163,0.3901,0.2201,0.2207,0.1592,0.2201,0.4151,0.4375,False
B,pq,pq_m64,False,5,10.8,0.4483,0.4061,0.4905,0.187,0.1864,0.1297,0.187,0.589,0.331,False
B,sq8,sq8m_m64,True,5,11.1,0.3453,0.3074,0.3839,0.2217,0.2221,0.1525,0.2217,0.4025,0.4476,False
B,sq4,sq4m_m64,True,5,11.4,0.6165,0.5671,0.6643,0.4156,0.4164,0.3242,0.4156,0.7116,0.7472,False
B,pq,pq_m128,False,5,20.6,0.7356,0.6969,0.7732,0.5187,0.5169,0.437,0.5187,0.848,0.7116,False
B,sq8,sq8m_m128,True,5,21.2,0.6346,0.5838,0.6857,0.4326,0.4341,0.3384,0.4326,0.7325,0.7292,False
B,sq4,sq4m_m128,True,5,21.7,0.8906,0.8515,0.9336,0.8782,0.8593,0.7679,0.8782,0.8934,0.9508,False
B,pq,pq_m256,False,5,40.1,0.9336,0.9141,0.9519,0.879,0.8785,0.829,0.879,0.9587,0.9824,False
B,sq8,sq8m_m256,True,5,41.2,0.9124,0.8709,0.9593,0.9029,0.8794,0.7846,0.9029,0.9141,0.9639,False
B,sq4,sq4m_m256,True,5,42.3,0.9865,0.9493,1.0287,0.9041,0.8906,0.8222,1.1545,0.9041,0.9268,False
B,pq,pq_m512,False,3,79.3,0.9937,0.9865,1.0014,0.9909,0.9882,0.9743,0.9973,0.9909,1.0095,True
B,sq8,sq8m_m512,True,3,81.4,1.0062,0.967,1.0505,0.9181,0.9042,0.8345,1.1857,0.9181,0.9408,False
