model,B,fmt,ret_mean,ret_std
A,16,f32,0.0053882172475298,0.0004499650868726
A,16,fp16,0.0087355944818906,0.0004369056274312
A,16,sq8,0.0433836913229178,0.0015700772347032
A,16,sq4,0.1395643392831838,0.0036855647378372
A,32,f32,0.0087923716112753,0.0003773042529843
A,32,fp16,0.0423332068434942,0.0016069701258829
A,32,sq8,0.1647409999399804,0.0017886097897642
A,32,sq4,0.3083907739495769,0.0118376291748379
A,64,f32,0.0423513921306328,0.0016546466278985
A,64,fp16,0.1655782953706092,0.0016287816595889
A,64,sq8,0.3423834155595428,0.0018921735248303
A,64,sq4,0.624020775851865,0.0081351179585699
A,96,f32,0.1003140537471345,0.0010497958968422
A,96,fp16,0.2486347163866305,0.0029181713069036
A,96,sq8,0.5244417959121982,0.002599550915172
A,96,sq4,0.7770385084855466,0.0097049456649267
A,192,f32,0.2487720981467821,0.0032872730045374
A,192,fp16,0.5237869688170492,0.0024865356497285
A,192,sq8,0.7991349263366324,0.0024914890364328
A,192,sq4,0.9443510247064548,0.0080311445705404
A,384,f32,0.523759310179359,0.0023917903405757
A,384,fp16,0.7995154627246375,0.0023801277490235
A,384,sq8,0.9643912522763598,0.001890228417363
A,384,sq4,0.963624146374926,0.0059156335156127
A,768,f32,0.799946052667001,0.0025873645860869
A,768,fp16,0.9640219562990952,0.0016430293711227
A,768,sq8,0.9848867788940204,0.0015280669005344
B,16,f32,0.008113606911298,0.0019322560622273
B,16,fp16,0.0152704510687138,0.0010752376913303
B,16,sq8,0.0491373982151343,0.0013696951226734
B,16,sq4,0.1146488284746702,0.0024751184441705
B,32,f32,0.015164224058858,0.000973883014566
B,32,fp16,0.0495020409318729,0.0013711063302495
B,32,sq8,0.1311943989756781,0.0020519867384446
B,32,sq4,0.2921576149527739,0.0052554991392607
B,64,f32,0.0492693943759595,0.0010823681339115
B,64,fp16,0.1303006123095429,0.0018219957742741
B,64,sq8,0.304272903119937,0.0029063816667804
B,64,sq4,0.5738780611395948,0.0058749259114409
B,96,f32,0.0753219362966479,0.0030800179586833
B,96,fp16,0.2209958710594479,0.0020822923804309
B,96,sq8,0.4772161064302908,0.0033557368540428
B,96,sq4,0.7670952955153489,0.0078012452661965
B,192,f32,0.2209967466379966,0.0020348272260866
B,192,fp16,0.4775889123654431,0.0039637769097391
B,192,sq8,0.7930093804525249,0.0025545198999003
B,192,sq4,0.9628611035818748,0.006144813793703
B,384,f32,0.4774459500953355,0.0042791506733119
B,384,fp16,0.7938709317745407,0.0035762840955315
B,384,sq8,0.9762045261507252,0.0017915744028221
B,384,sq4,0.9882138282707752,0.0041254075222798
B,768,f32,0.7938999040988961,0.0035570464043436
B,768,fp16,0.975401274382382,0.0017212447904024
B,768,sq8,1.0076192513784203,0.0012436560950475
